ZIP,total_subsidy,total_kW,project_count,low_income_subsidy,low_income_kW,low_projects,equity_share
90001,920845.79,836.739,19,297642.79,92.095,9.0,0.3232276166457795
90002,375587.7,16.560000000000002,25,373209.7,70.075,24.0,0.9936685892535885
90008,16041.0,62.375,9,0.0,0.0,0.0,0.0
90016,83750.0,42.92,1,0.0,0.0,0.0,0.0
90022,3444583.8200000003,1731.285,85,1573399.82,645.839,45.0,0.45677501324383507
90023,252356.0408,87.195,15,146523.74,39.89,9.0,0.580623073398606
90025,4355920.0,4608.59,3,0.0,0.0,0.0,0.0
90032,676.0,3.9,1,0.0,0.0,0.0,0.0
90038,9100.0,17.7,3,0.0,0.0,0.0,0.0
90040,4138863.4,2821.246,18,24681.0,9.105,2.0,0.0059632313547724235
90043,112149.15,285.537,60,0.0,0.0,0.0,0.0
90044,57603.7,6.46,5,242163.7,142.95499999999998,16.0,4.203960856681082
90046,25443.0,25.372999999999998,7,0.0,0.0,0.0,0.0
90047,2019005.27,1444.51,20,125908.27,42.58,12.0,0.0623615360845492
90048,28036.0,54.91,10,0.0,0.0,0.0,0.0
90049,9625.0,18.33,1,0.0,0.0,0.0,0.0
90056,285172.0,687.827,104,0.0,0.0,0.0,0.0
90059,921578.38,52.18,61,1114879.38,247.476,72.0,1.209749929246387
90061,1583134.97,2287.21,19,619520.97,174.81,14.0,0.3913254281787484
90063,431598.2,113.52,40,326112.2,79.85,25.0,0.7555921224879992
90066,60532.0,125.645,20,20916.0,7.695,1.0,0.34553624529174654
90069,60892.0,89.27,11,0.0,0.0,0.0,0.0
90073,735671.0,404.58,1,0.0,0.0,0.0,0.0
90201,2628852.6799999997,2076.916,24,613621.68,369.625,16.0,0.2334180552103057
90209,94068.0,45.0,3,0.0,0.0,0.0,0.0
90210,1407665.49,1795.944,119,0.0,0.0,0.0,0.0
90211,198834.0,342.534,24,0.0,0.0,0.0,0.0
90212,242433.17,260.20300000000003,38,0.0,0.0,0.0,0.0
90213,21388.0,10.5,1,0.0,0.0,0.0,0.0
90220,1332373.5,1351.4099999999999,31,553172.5,168.948,48.0,0.4151782514437581
90221,739105.05,1146.094,39,652326.05,226.74,47.0,0.8825890852727903
90222,1682278.07,751.456,28,749223.47,235.09,39.0,0.44536244236958994
90230,2186273.27,1928.2640000000001,146,162143.0,105.455,11.0,0.07416410483763541
90232,2626840.5,1987.3750000000002,133,0.0,0.0,0.0,0.0
90233,7828.0,4.56,1,0.0,0.0,0.0,0.0
90240,398423.18,887.904,103,14616.0,5.5,2.0,0.0366846125770092
90241,4199306.2,3435.351,101,253002.0,190.345,4.0,0.06024852391092605
90242,7928990.46,12285.89,69,130256.86,80.205,10.0,0.01642792492400098
90245,3677738.0,2220.503,114,0.0,0.0,0.0,0.0
90247,324248.1,718.708,34,22374.1,7.385,2.0,0.0690030257694648
90248,1888506.31,4622.463,17,31784.309999999998,11.045,3.0,0.0168303965052677
90249,559558.47,666.444,38,56580.0,20.685000000000002,4.0,0.10111543839198789
90250,4089942.81,4186.631,96,172567.14,95.199,7.0,0.04219304474822229
90254,883724.0,1278.402,113,0.0,0.0,0.0,0.0
90255,951129.9,1068.827,31,46923.0,17.259999999999998,5.0,0.049333955330391775
90260,103522.0,161.036,24,46722.0,17.21,4.0,0.45132435617549893
90262,1819853.17,2447.579,109,1515873.17,677.926,115.0,0.8329645462551245
90263,109242.0,75.85,7,0.0,0.0,0.0,0.0
90264,14687.0,8.36,1,0.0,0.0,0.0,0.0
90265,2913583.83,3074.7246,308,0.0,0.0,0.0,0.0
90266,6111226.3376,5808.74,407,0.0,0.0,0.0,0.0
90270,295707.0,302.16,3,23139.0,8.59,2.0,0.07824975397944588
90274,1632491.67,2405.039,286,0.0,0.0,0.0,0.0
90275,2549749.9,3880.871,494,46855.0,80.96000000000001,3.0,0.018376312123789082
90277,1547640.0,2064.703,146,395503.0,247.17,1.0,0.25555232483006385
90278,1484430.0,2610.869,130,0.0,0.0,0.0,0.0
90280,5158470.0,4104.073,71,904702.0,321.425,62.0,0.17538184771841264
90290,1153070.25,1145.547,146,0.0,0.0,0.0,0.0
90291,1294.0,6.5,1,0.0,0.0,0.0,0.0
90292,1102040.0,580.32,1,0.0,0.0,0.0,0.0
90301,762757.0,1074.092,25,550677.0,237.95499999999998,6.0,0.721956009581033
90302,273457.0,208.79999999999998,23,216624.0,75.995,5.0,0.7921684213605795
90303,1349540.99,985.4549999999999,33,63485.990000000005,16.585,4.0,0.04704265411012081
90304,134168.16,151.654,15,173142.16,86.783,10.0,1.2904862077559982
90305,130016.0,143.596,29,11088.0,2.115,1.0,0.08528181146935762
90401,1867361.77,1340.873,28,514233.0,802.9,10.0,0.2753794193826727
90402,914111.0,980.639,153,10711.0,11.16,1.0,0.01171739537102168
90403,1012003.75,682.5310000000001,64,0.0,0.0,0.0,0.0
90404,843311.78,1229.22,66,253369.0,221.16500000000002,4.0,0.300445227979621
90405,2211209.95,1546.689,177,241575.0,196.42,6.0,0.1092501415345024
90406,8892.0,4.05,1,0.0,0.0,0.0,0.0
90501,2194735.41,3795.4839999999995,104,140331.0,50.230000000000004,3.0,0.06393982589454826
90502,260936.0,481.27500000000003,27,3789.0,1.425,1.0,0.01452080203574823
90503,1494019.0,1510.819,105,0.0,0.0,0.0,0.0
90504,201317.67,345.561,83,0.0,0.0,0.0,0.0
90505,1150273.0,2004.598,135,15048.0,2.88,1.0,0.01308211181171774
90601,1142460.8599999999,1715.013,125,36378.0,13.4,3.0,0.031841791061446086
90602,2886894.14,2038.577,45,119471.0,236.665,2.0,0.041383921337690616
90603,382865.0,652.606,112,0.0,0.0,0.0,0.0
90604,375771.55,523.293,114,214813.55,66.459,10.0,0.5716599620168158
90605,322527.0,554.942,106,279784.0,192.055,3.0,0.8674746610361304
90606,114334.0,207.53,29,125749.0,72.27,8.0,1.0998390679937726
90620,2458985.0,2076.78,183,90836.0,80.67,3.0,0.0369404449396804
90621,608089.0,1386.303,91,790740.0,538.249,6.0,1.3003688604793049
90623,721037.0,1088.017,137,320947.0,163.8,2.0,0.4451186277541929
90630,3043386.7,3892.054,321,88512.92,69.375,7.0,0.02908369153351429
90631,4775533.78,3890.8450000000003,304,526272.0,520.8,4.0,0.11020171236229848
90637,3835.0,2.09,1,0.0,0.0,0.0,0.0
90638,4547725.4,3887.205,180,258429.0,91.47,2.0,0.0568259904170995
90639,9024.0,11.7,1,0.0,0.0,0.0,0.0
90640,1328941.0,2220.119,70,65877.0,24.009999999999998,8.0,0.0495710494295834
90650,3743310.5,3308.64,121,215625.0,79.315,18.0,0.05760275563568665
90657,10056.96,4.725,1,0.0,0.0,0.0,0.0
90660,3286575.0,2949.9559999999997,51,628507.0,352.65,11.0,0.19123464396826484
90670,2668610.0,2826.605,33,480565.0,341.71500000000003,4.0,0.18008064123270168
90680,120901.14,160.465,30,194961.14,188.125,4.0,1.612566597800484
90700,3198.0,2.025,1,0.0,0.0,0.0,0.0
90701,133595.0,451.062,32,0.0,0.0,0.0,0.0
90703,2605194.71,4131.7699999999995,273,0.0,0.0,0.0,0.0
90704,76964.0,63.9,14,0.0,0.0,0.0,0.0
90706,1798498.0,1746.479,104,349375.0,332.625,8.0,0.1942593208332731
90710,40458.0,134.117,27,0.0,0.0,0.0,0.0
90711,23328.0,11.424,2,0.0,0.0,0.0,0.0
90712,4218493.0,3850.061,127,156324.0,87.14,2.0,0.037056835225280686
90713,1222575.04,1537.795,134,0.0,0.0,0.0,0.0
90715,102437.0,165.635,38,0.0,0.0,0.0,0.0
90716,1323932.0,823.9000000000001,9,1259354.0,565.6,1.0,0.951222570343492
90717,253333.0,307.248,63,0.0,0.0,0.0,0.0
90720,2430864.0100000002,2552.7605,274,0.0,0.0,0.0,0.0
90723,888512.61,745.893,27,598409.61,382.88100000000003,19.0,0.6734959113298347
90731,5290.0,11.21,2,0.0,0.0,0.0,0.0
90740,4186256.0,3238.7110000000002,167,0.0,0.0,0.0,0.0
90742,20460.0,22.155,4,0.0,0.0,0.0,0.0
90743,17916.0,24.072,5,0.0,0.0,0.0,0.0
90745,2904467.5300000003,5355.664,87,754623.0,567.335,16.0,0.2598145760644809
90746,897091.0,1129.422,50,110514.0,40.565,10.0,0.12319151568792909
90755,245696.0,498.92,31,116526.0,44.620000000000005,3.0,0.47426901536858557
90801,4387.0,2.66,1,0.0,0.0,0.0,0.0
90802,1468055.04,2325.076,27,118934.04000000001,112.375,2.0,0.08101470092020528
90803,661230.03,849.62,148,0.0,0.0,0.0,0.0
90804,98008.95999999999,128.242,35,70922.95999999999,32.145,6.0,0.7236375123254037
90805,6985426.26,2813.764,156,7123235.67,4117.14,138.0,1.019728131809096
90806,514663.37,357.613,78,515422.28,134.818,46.0,1.0014745755074819
90807,1003527.05,983.357,196,204459.4,53.272999999999996,13.0,0.20374079602537867
90808,2246893.2,3464.512,334,63801.490000000005,19.66,5.0,0.02839542618225023
90810,1993563.73,2833.755,72,2150528.73,1600.273,55.0,1.0787358826998723
90813,1045409.6699999999,1432.15,46,865513.67,368.95,52.0,0.8279181787174401
90814,309914.74,355.404,78,6492.0,2.44,1.0,0.020947696776216582
90815,1489352.06,2824.6059999999998,285,59205.61,14.02,3.0,0.03975259550116041
90822,247782.0,178.64,1,0.0,0.0,0.0,0.0
90846,21769.0,63.03,1,0.0,0.0,0.0,0.0
90914,4001.0,2.52,1,0.0,0.0,0.0,0.0
91001,1196207.25,1666.96,308,20573.09,4.505,1.0,0.01719859999176564
91006,1968276.99,2411.515,320,9507.0,3.52,1.0,0.004830112859267841
91007,887685.04,1869.681,188,0.0,0.0,0.0,0.0
91008,240518.0,299.521,20,0.0,0.0,0.0,0.0
91010,2205839.06,1306.657,96,1141733.06,474.32,20.0,0.5175958122710911
91011,1922070.17,2119.487,305,0.0,0.0,0.0,0.0
91016,1261380.76,1096.685,147,79138.76,45.173,6.0,0.06273978683486499
91020,52004.0,73.117,17,0.0,0.0,0.0,0.0
91024,486213.76,635.674,107,0.0,0.0,0.0,0.0
91030,747688.74,896.0169999999999,145,0.0,0.0,0.0,0.0
91101,21200.0,15.425,5,0.0,0.0,0.0,0.0
91104,78428.0,132.236,29,14808.0,5.355,1.0,0.1888101188351099
91107,504829.0,681.255,93,0.0,0.0,0.0,0.0
91108,694834.0,1004.58,144,0.0,0.0,0.0,0.0
91109,3745905.0,2709.92,4,0.0,0.0,0.0,0.0
91214,1583861.0,1761.788,167,0.0,0.0,0.0,0.0
91301,4880438.42,5899.24,421,0.0,0.0,0.0,0.0
91302,5699137.29,5798.678,317,0.0,0.0,0.0,0.0
91304,104373.0,464.39,6,0.0,0.0,0.0,0.0
91307,387240.0,521.651,62,0.0,0.0,0.0,0.0
91310,310580.38,1196.008,18,72674.0,74.5,1.0,0.23399417567845077
91311,273305.0,356.217,42,0.0,0.0,0.0,0.0
91319,79117.0,91.23,8,0.0,0.0,0.0,0.0
91320,3973717.4895,5435.804,530,0.0,0.0,0.0,0.0
91321,1383650.67,2309.58,258,0.0,0.0,0.0,0.0
91326,10110.66,5.04,1,0.0,0.0,0.0,0.0
91340,1205502.05,1729.671,55,44070.0,73.8,5.0,0.03655738287628793
91342,67237.0,64.089,11,41193.0,15.290000000000001,4.0,0.6126537471927659
91350,5844757.14,8080.853,564,0.0,0.0,0.0,0.0
91351,1777729.3,2879.931,263,0.0,0.0,0.0,0.0
91354,1505090.0899999999,2707.95,366,0.0,0.0,0.0,0.0
91355,6326442.23,7020.853,254,901342.0,556.25,3.0,0.14247217744688076
91359,454.0,2.75,1,0.0,0.0,0.0,0.0
91360,4904298.1,7401.42,501,217082.53,146.515,6.0,0.044263730624368045
91361,5023688.88,6087.421,266,0.0,0.0,0.0,0.0
91362,5159060.86,5600.188,438,1187186.53,1029.6100000000001,18.0,0.2301167910626276
91364,65509.94,103.075,14,0.0,0.0,0.0,0.0
91377,550222.44,1258.274,178,0.0,0.0,0.0,0.0
91380,1088.0,6.25,1,0.0,0.0,0.0,0.0
91381,3977156.38,5132.019,447,0.0,0.0,0.0,0.0
91384,1810415.17,4087.894,520,0.0,0.0,0.0,0.0
91387,2828853.26,4656.476,563,14244.0,5.185,1.0,0.005035255876085987
91390,2526310.55,4368.959,622,177092.0,186.03,1.0,0.07009906204920056
91423,16020.0,8.4,1,0.0,0.0,0.0,0.0
91608,327286.0,126.0,1,0.0,0.0,0.0,0.0
91701,2472586.27,5386.7970000000005,445,1324190.0,955.205,4.0,0.5355485533776745
91702,77644.44,122.885,19,0.0,0.0,0.0,0.0
91706,28203487.0,18419.146,116,380052.0,151.695,25.0,0.013475355015498616
91708,6559826.0,3666.9590000000003,50,0.0,0.0,0.0,0.0
91709,2769970.59,4191.728,615,0.0,0.0,0.0,0.0
91710,9587954.46,9079.715,455,266327.51,65.77,15.0,0.027777302354854948
91711,3267501.95,4135.189,486,0.0,0.0,0.0,0.0
91714,3658.0,2.25,1,0.0,0.0,0.0,0.0
91715,214858.0,1500.0,1,0.0,0.0,0.0,0.0
91722,1851887.38,1226.0,101,35603.380000000005,10.05,2.0,0.019225456355774728
91723,442119.0,689.72,45,24813.0,6.3100000000000005,2.0,0.05612289903849416
91724,660155.62,1179.05,194,151036.0,156.48000000000002,2.0,0.22878847869234228
91729,2426985.0,1178.24,3,0.0,0.0,0.0,0.0
91730,6001820.83,10231.4,223,5071133.83,3648.695,31.0,0.844932558574895
91731,2061154.0,3300.015,39,352066.0,183.69500000000002,4.0,0.17081013839819828
91732,329634.31,273.347,60,270166.31,79.051,14.0,0.8195940222363381
91733,640520.6900000001,1183.204,46,149904.0,52.35,12.0,0.23403459457336184
91737,2068576.69,2886.197,362,77792.0,80.01,1.0,0.0376065341817228
91739,2073159.94,4454.393,514,57624.08,13.7,3.0,0.027795289156513414
91740,3276315.7,2219.604,149,21702.0,4.165,1.0,0.006623903795351589
91741,919919.59,1793.638,262,0.0,0.0,0.0,0.0
91744,1172464.18,1196.332,111,837070.18,415.32,23.0,0.7139409410358277
91745,3345416.2800000003,4099.329,320,225101.28,137.905,10.0,0.0672864783213167
91746,1498088.56,3559.422,46,867377.56,279.545,20.0,0.5789895091382314
91748,1390757.835,2309.898,242,562952.0,394.53000000000003,2.0,0.40478075034536837
91750,10698554.5,9050.807,331,559354.0,1001.46,5.0,0.052283137876243
91752,6188561.5600000005,6054.461,255,52460.64,17.73,4.0,0.008477032908435671
91754,2511776.0,1614.217,79,309830.0,202.65,3.0,0.12335096760220657
91755,128857.64,239.427,53,107033.25,108.7,2.0,0.8306317731723164
91759,3778.0,12.01,3,0.0,0.0,0.0,0.0
91761,23076697.740000002,14725.344,202,1381638.54,729.735,76.0,0.059871588022108395
91762,2270270.74,3651.315,128,2481820.74,1271.535,66.0,1.0931827188152898
91763,2684740.5,3083.97,71,3944482.0,3024.65,30.0,1.4692228168793222
91764,8132266.46,7503.534000000001,75,957959.37,367.815,63.0,0.117797341578992
91765,2581850.0,5017.7609999999995,327,564412.0,555.84,1.0,0.2186075875825474
91766,3855093.5,8250.31,159,888400.5,460.34999999999997,25.0,0.230448496255668
91767,2048706.0,3404.606,100,960730.0,670.005,17.0,0.46894478758787256
91768,3298554.0,3781.774,70,698046.0,430.455,18.0,0.21162181974283276
91769,1390480.07,1183.488,2,0.0,0.0,0.0,0.0
91770,1517467.0,1585.858,108,256296.0,89.73,7.0,0.1688972478478939
91773,2361730.62,3307.712,197,619062.0,511.435,3.0,0.26212218902425033
91775,692171.79,2080.203,133,13254.0,4.88,1.0,0.019148425566433442
91776,542562.0,2070.297,80,5790.0,2.13,1.0,0.010671591449456468
91780,821341.0,1115.479,141,0.0,0.0,0.0,0.0
91784,3142957.8899999997,4116.878,380,17798.74,3.9,1.0,0.005663053920203813
91786,4539537.3,5833.8730000000005,182,640236.76,204.37,23.0,0.14103568661061558
91788,3759.0,2.88,1,0.0,0.0,0.0,0.0
91789,4227335.77,7240.85,379,0.0,0.0,0.0,0.0
91790,749614.24,1715.34,122,343459.0,192.61,6.0,0.4581809972019742
91791,776484.1,1423.355,205,12360.0,4.455,1.0,0.01591790482251987
91792,471889.0,897.171,47,276464.0,98.11,4.0,0.5858665915077487
91801,218006.58,387.563,75,101734.0,96.97,4.0,0.46665563947656996
91803,674002.39,458.47900000000004,43,0.0,0.0,0.0,0.0
91901,1957722.3900000001,3244.333,372,43565.0,147.54,3.0,0.022252899707603586
91902,715806.0,2026.512,237,14886.0,5.6,1.0,0.02079613750094299
91903,5535.0,5.88,1,0.0,0.0,0.0,0.0
91905,85196.0,150.618,14,241539.0,95.145,22.0,2.8350978919198084
91906,306798.17,750.548,20,414281.17,155.155,33.0,1.3503378132926933
91909,26330.0,28.98,8,0.0,0.0,0.0,0.0
91910,5560256.65,8753.333,257,112608.09999999999,169.05,12.0,0.020252320547109993
91911,5743136.11,4046.743,159,1713329.03,1286.52,23.0,0.29832638425837343
91913,1692934.0,3723.447,165,0.0,0.0,0.0,0.0
91914,822756.7,1917.508,142,0.0,0.0,0.0,0.0
91915,4883498.0,3544.8195,109,0.0,854.9100000000001,3.0,0.0
91916,163418.0,148.078,20,0.0,0.0,0.0,0.0
91917,61206.0,69.518,10,0.0,0.0,0.0,0.0
91931,3554.0,18.880000000000003,3,0.0,0.0,0.0,0.0
91932,746395.3,815.714,93,347678.3,140.155,18.0,0.46580987313290956
91934,7180.0,18.0,2,0.0,0.0,0.0,0.0
91935,994166.5,1956.076,238,102606.5,24.98,5.0,0.10320856717662484
91941,2883229.95,3761.7200000000003,407,5849.87,5.25,1.0,0.0020289293956591977
91942,1549835.0,1955.344,136,0.0,0.0,0.0,0.0
91944,6162.0,6.58,1,0.0,0.0,0.0,0.0
91945,532634.85,655.557,118,425009.45,99.895,28.0,0.7979377429021027
91948,1672.0,1.44,1,0.0,0.0,0.0,0.0
91950,1741999.7,3419.298,68,656788.7,163.97,46.0,0.3770314656196554
91962,14484.0,47.086,9,19638.0,8.912,2.0,1.355840927920464
91963,140541.0,118.044,12,71426.0,13.86,3.0,0.5082218000441152
91977,1133485.26,2736.769,258,190377.82,158.685,15.0,0.16795791415937777
91978,215699.71,444.281,59,0.0,0.0,0.0,0.0
91980,49798.0,24.84,1,0.0,0.0,0.0,0.0
92003,562036.0,1331.219,93,0.0,0.0,0.0,0.0
92004,1089282.0899999999,3970.545,72,12273.0,4.48,1.0,0.011267053881332064
92007,274196.57,384.299,73,0.0,0.0,0.0,0.0
92008,3147269.0,3600.83,197,0.0,0.0,0.0,0.0
92009,4070007.34,4269.599999999999,456,752463.8,642.005,3.0,0.18488020712021616
92010,645492.0,772.572,88,0.0,330.0,1.0,0.0
92011,742594.3,1123.454,184,0.0,0.0,0.0,0.0
92014,729253.44,1054.236,173,0.0,0.0,0.0,0.0
92019,3968067.21,5504.727,467,13915.46,2.4,1.0,0.0035068609636780823
92020,3692167.63,4466.678,333,524786.25,206.244,20.0,0.14213500105898497
92021,2536724.66,4560.789,432,26871.0,10.14,3.0,0.010592793306940927
92023,52009.0,65.00800000000001,9,0.0,0.0,0.0,0.0
92024,2686367.65,4347.0960000000005,501,72078.0,138.2,4.0,0.026831025902206648
92025,5715869.71,8285.11,429,886807.88,527.935,33.0,0.1551483719876463
92026,2118342.24,4944.207,393,202099.85,87.31,10.0,0.09540472081602829
92027,4705390.84,7336.0199999999995,374,1081431.84,853.57,16.0,0.2298282707584818
92028,10006182.81,12390.58,700,1241554.95,657.2,8.0,0.12407877944816399
92029,2721096.7800000003,3534.334,371,0.0,0.0,0.0,0.0
92036,259754.88,232.533,41,98449.0,17.490000000000002,3.0,0.3790073164361724
92037,6800583.4399999995,5655.522,348,0.0,0.0,0.0,0.0
92040,1398496.63,3380.998,441,513482.0,713.99,8.0,0.3671671343248071
92049,16930.0,24.596,5,0.0,0.0,0.0,0.0
92054,1587629.7,2159.022,112,100393.0,37.52,2.0,0.06323451872939893
92055,2648123.0,1922.0800000000002,14,0.0,0.0,0.0,0.0
92056,3281187.0,9392.035,210,10737.0,588.92,2.0,0.00327229139942344
92057,1581556.46,2835.179,281,455045.45,165.82,20.0,0.2877200160151096
92058,4103465.0,2953.1510000000003,46,3498.0,1.325,1.0,0.0008524503072403444
92059,100782.0,175.056,24,0.0,0.0,0.0,0.0
92061,2192597.39,2964.386,51,721975.39,182.47,43.0,0.3292785959213424
92064,11011223.28,12880.204,963,1804561.03,1101.325,15.0,0.16388379239186585
92065,4265706.71,7419.1269999999995,767,170285.56,38.945,7.0,0.039919659642985626
92066,112287.72,38.58,11,96641.72,17.740000000000002,4.0,0.8606615220257389
92067,1511515.0,2385.111,163,0.0,0.0,0.0,0.0
92069,4765684.3,6071.169,240,30551.5,5.699999999999999,2.0,0.006410726786917044
92070,107831.0,68.42,13,316586.0,117.88,26.0,2.935946063747902
92071,13900197.7,9154.18,448,488394.9,345.09999999999997,5.0,0.03513582400342407
92075,626176.02,1092.292,143,0.0,0.0,0.0,0.0
92078,1065946.8900000001,2537.704,279,87241.0,57.42,1.0,0.08184366483774815
92081,1757064.0,3894.003,174,0.0,0.0,0.0,0.0
92082,14404139.67,9868.514000000001,539,1118363.3699999999,323.77,80.0,0.07764180267768814
92083,899444.5,1987.596,87,281032.5,170.94,6.0,0.31245118514816644
92084,2597364.86,3540.511,411,576433.0,174.85,3.0,0.22192992939775125
92085,1089.0,6.89,1,0.0,0.0,0.0,0.0
92086,51152.0,97.428,14,189510.0,73.355,18.0,3.7048404754457303
92087,827.0,1.6,1,0.0,0.0,0.0,0.0
92091,90926.0,174.632,17,0.0,0.0,0.0,0.0
92093,884945.0,893.07,2,0.0,0.0,0.0,0.0
92101,9245079.25,9178.799,137,1369365.75,1202.2,16.0,0.14811833549182393
92102,1703604.71,1483.157,78,812129.74,686.67,75.0,0.4767125467738346
92103,1060510.0,1191.1,157,6768.0,2.55,1.0,0.006381835154784019
92104,1281499.14,1131.999,154,666093.14,228.68,18.0,0.519776501761835
92105,3493486.97,1380.243,237,4045684.97,1755.059,198.0,1.158064994872444
92106,3544530.8,2721.819,152,0.0,0.0,0.0,0.0
92107,333747.0,548.159,103,0.0,0.0,0.0,0.0
92108,7536648.2,7589.920999999999,61,0.0,0.0,0.0,0.0
92109,1727362.7,1635.839,265,0.0,0.0,0.0,0.0
92110,7140949.41,5183.617,111,0.0,311.2,2.0,0.0
92111,7153077.58,6581.104,192,413119.92,118.05,17.0,0.057754150626729256
92112,292699.0,166.88,3,0.0,0.0,0.0,0.0
92113,5685851.31,3110.8849999999998,64,4507735.41,1106.3999999999999,89.0,0.7927986794294134
92114,3738902.92,3483.646,221,2612555.06,704.185,202.0,0.6987491025843485
92115,1767482.72,2002.584,219,501802.7,211.535,37.0,0.2839081221682326
92116,879347.32,1047.612,150,247496.0,93.705,6.0,0.2814542040112205
92117,1695783.53,2526.804,361,145705.41,440.645,13.0,0.08592217545596754
92118,1062131.74,975.477,133,0.0,0.0,0.0,0.0
92119,912176.0,1614.501,211,44289.0,16.705000000000002,5.0,0.048553130097700445
92120,2651025.14,4182.876,350,55509.0,20.605,5.0,0.020938692418435535
92121,2170038.36,2769.001,68,0.0,0.0,0.0,0.0
92122,1311361.47,1780.583,202,0.0,0.0,0.0,0.0
92123,3651109.86,5483.688,164,0.0,0.0,0.0,0.0
92124,1549943.92,2426.549,214,0.0,0.0,0.0,0.0
92126,3890714.0,4687.3005,260,24282.0,8.98,2.0,0.0062410138601809335
92127,4418792.11,4925.878,420,0.0,435.0,1.0,0.0
92128,2127695.95,3913.8070000000002,387,49842.0,18.46,5.0,0.02342533950868309
92129,1785591.47,3101.966,554,0.0,350.0,2.0,0.0
92130,4645836.15,4706.111,448,54858.0,606.0,4.0,0.011807992841073398
92131,4030184.1,6294.253,544,0.0,0.0,0.0,0.0
92132,705249.0,280.06,3,0.0,0.0,0.0,0.0
92139,665110.15,833.077,51,521452.15,379.58,19.0,0.7840087089334
92140,1924112.0,1157.3,3,0.0,0.0,0.0,0.0
92145,518201.0,449.01,3,0.0,0.0,0.0,0.0
92154,16260160.42,12501.145,180,4092704.17,2728.661,44.0,0.2517013402257688
92161,227679.0,210.24,1,0.0,0.0,0.0,0.0
92173,1774745.5,1133.7,25,604041.5,916.86,14.0,0.34035387045635557
92177,18174.0,10.395,2,0.0,0.0,0.0,0.0
92182,1875050.0,1068.098,7,0.0,0.0,0.0,0.0
92199,1286.0,2.3,1,0.0,0.0,0.0,0.0
92210,5802245.0,3949.37,258,3426397.0,540.415,5.0,0.5905295277948449
92211,6363529.04,4550.484,446,1521930.66,308.955,91.0,0.23916456583028337
92220,871417.0,824.3290000000001,38,0.0,3.36,1.0,0.0
92221,25125.43,12.24,1,0.0,0.0,0.0,0.0
92223,5520304.9108,9819.535999999998,428,374356.61,92.125,11.0,0.06781448054936307
92225,22952986.64,22864.294,201,2759890.08,1173.165,93.0,0.12024100058466292
92230,61284.92,17.525,6,57760.92,11.309999999999999,3.0,0.9424980892526252
92234,10678672.89,10690.712,733,4073669.09,1264.327,120.0,0.3814770928899574
92240,6054976.78,6690.329,356,7229379.44,3780.81,250.0,1.1939565918533548
92241,442836.15,1898.612,25,2946980.15,2986.8,10.0,6.654786764811319
92252,989602.0,1063.704,138,434045.0,313.66,3.0,0.43860562124975494
92256,619684.0,395.884,35,551848.0,260.14,2.0,0.8905313030512325
92260,12207010.91,15395.035,565,647416.64,725.0500000000001,9.0,0.05303645952094918
92261,499084.0,514.0,3,0.0,0.0,0.0,0.0
92262,9276613.0,14317.824,751,4502083.04,2629.29,14.0,0.4853153882780278
92263,2655.0,1.53,1,0.0,0.0,0.0,0.0
92264,4155684.16,7242.63,413,38782.0,418.12,2.0,0.009332278033372006
92266,63547.0,84.63,9,0.0,0.0,0.0,0.0
92268,34480.0,36.7,7,0.0,0.0,0.0,0.0
92270,7783228.78,10823.753,774,355395.0,385.25,2.0,0.045661641209009916
92276,1487.0,8.28,1,0.0,0.0,0.0,0.0
92277,695725.95,1528.369,193,244371.0,211.64,6.0,0.3512460617575067
92278,1252436.0,2572.85,2,0.0,0.0,0.0,0.0
92282,129705.09,66.966,13,84014.09,19.015,4.0,0.6477316348957469
92284,1008331.53,2168.597,255,408200.53,297.52,7.0,0.4048276959067223
92285,25267.0,71.41,12,6147.0,2.275,1.0,0.2432817509003839
92301,2719489.88,2487.8630000000003,61,521321.08,185.42499999999998,24.0,0.19169811361827904
92305,11786.0,9.52,3,0.0,0.0,0.0,0.0
92307,11246857.98,9073.863,688,1625279.87,688.7700000000001,9.0,0.14450968198319866
92308,5892918.2,5847.788,491,1372738.2,858.74,17.0,0.2329470991129658
92309,30202.0,43.28,3,23034.0,8.0,1.0,0.762664724190451
92310,2123107.0,3261.345,10,0.0,0.0,0.0,0.0
92311,11286050.18,10497.05,261,3959405.46,1521.8,62.0,0.35082295372179534
92312,18197.0,13.92,1,0.0,0.0,0.0,0.0
92313,265902.0,550.0360000000001,92,684031.0,514.585,5.0,2.5724928733142285
92314,6158.0,3.0,1,0.0,0.0,0.0,0.0
92316,525927.72,1209.279,63,221810.0,86.68,8.0,0.4217499697486948
92317,8276.0,5.6,1,0.0,0.0,0.0,0.0
92318,12750.0,19.607,2,8208.0,3.05,1.0,0.6437647058823529
92320,243743.4,439.051,61,0.0,0.0,0.0,0.0
92324,239345.0,337.986,46,10512.0,3.9,1.0,0.04391986463055422
92325,21318.0,33.6,7,0.0,0.0,0.0,0.0
92327,31800.0,168.28,3,0.0,0.0,0.0,0.0
92328,5151060.84,1471.1000000000001,17,265643.83999999997,77.03999999999999,22.0,0.051570705190894225
92329,11202.0,20.945999999999998,4,0.0,0.0,0.0,0.0
92331,21458.0,12.96,2,0.0,0.0,0.0,0.0
92332,1692.0,5.52,1,0.0,0.0,0.0,0.0
92334,19857.0,63.8,1,12363.0,4.55,1.0,0.6226016014503701
92335,7222753.87,7439.918,142,5691782.87,4126.74,54.0,0.7880350033303849
92336,3351343.6325,7702.8279999999995,609,1683376.0,1221.55,18.0,0.5022988343168656
92337,4173200.8899999997,5086.417,135,30939.0,11.425,3.0,0.00741373368201309
92338,9255.0,4.41,1,0.0,0.0,0.0,0.0
92339,3216.0,10.464,1,0.0,0.0,0.0,0.0
92340,39198.0,106.455,12,0.0,0.0,0.0,0.0
92341,11068.0,7.905,2,0.0,0.0,0.0,0.0
92342,961019.0,2595.393,122,0.0,0.0,0.0,0.0
92344,942570.0,2520.158,152,21918.0,3.91,1.0,0.023253445367452816
92345,5110512.97,6340.823,576,2582301.97,1379.041,33.0,0.5052921272597808
92346,3061509.64,3849.718,519,411596.64,245.14,22.0,0.1344423792178554
92347,156223.0,604.73,5,0.0,0.0,0.0,0.0
92350,12879.0,7.48,1,0.0,0.0,0.0,0.0
92352,129572.55,113.99,20,0.0,0.0,0.0,0.0
92354,1082502.12,1389.508,170,287807.12,61.915,19.0,0.2658721074837248
92356,2482237.0,1443.65,43,14223.0,5.27,1.0,0.00572991217196424
92357,1714760.0,2013.1799999999998,2,0.0,0.0,0.0,0.0
92358,10382.0,7.05,1,0.0,0.0,0.0,0.0
92359,240700.0,356.61400000000003,47,31931.0,11.52,2.0,0.13265891150810138
92360,6546.66,3.24,1,0.0,0.0,0.0,0.0
92363,1642305.06,4.56,85,1876767.06,500.9,95.0,1.1427639758961712
92364,161868.54,99.435,7,0.0,0.0,0.0,0.0
92365,98760.0,182.427,23,27123.0,9.915,2.0,0.2746354799513973
92368,6641.0,4.1,1,7764.0,2.88,1.0,1.1691010390001506
92369,1576292.0,1128.6,1,0.0,0.0,0.0,0.0
92371,2426570.06,2383.737,137,75135.0,27.945,6.0,0.03096345794359632
92372,363586.44,428.69,49,0.0,0.0,0.0,0.0
92373,4119604.96,5789.266,520,38891.68,10.035,2.0,0.009440633356262393
92374,6345026.57,6705.535,364,1090663.97,511.064,31.0,0.17189273487943801
92376,3969097.41,3853.322,176,6267122.41,4188.019,89.0,1.5789792395143056
92377,3085827.08,4124.893,110,69666.0,25.555,4.0,0.022576119203672293
92382,21186.0,30.85,8,0.0,0.0,0.0,0.0
92384,32004.0,19.36,1,0.0,0.0,0.0,0.0
92389,41704.0,38.172000000000004,2,0.0,0.0,0.0,0.0
92391,60637.0,34.6,4,40861.0,15.6,1.0,0.6738624931972228
92392,6055728.3100000005,7916.026,338,629267.11,474.9,7.0,0.10391270509294033
92393,1037.0,6.12,1,0.0,0.0,0.0,0.0
92394,3235233.16,2542.061,124,693046.16,498.84000000000003,19.0,0.21421830382079787
92395,3699779.21,3255.205,152,791776.21,424.23,33.0,0.2140063406648528
92397,91082.0,122.467,19,0.0,0.0,0.0,0.0
92398,548950.31,277.85499999999996,9,485735.0,224.64,1.0,0.8848432930113473
92399,4962235.26,6252.939,740,729855.37,362.18,7.0,0.14708197652039579
92401,2081601.22,2186.051,17,327447.22,197.81,3.0,0.15730545161767343
92403,198764.0,1500.0,1,0.0,0.0,0.0,0.0
92404,1177982.01,1718.179,238,976490.54,332.94,68.0,0.8289519973229472
92405,459526.07,438.433,64,486171.07,172.075,38.0,1.0579836525923327
92407,2951272.85,2503.893,260,432712.85,133.96,33.0,0.146619059637268
92408,10118476.3,11062.649,45,1214129.0,919.6899999999999,16.0,0.1199912876210423
92410,2217612.94,6430.676,36,4562820.94,3150.665,45.0,2.0575371191692273
92411,3409902.21,353.44,25,3529941.21,446.68,36.0,1.0352030623189044
92501,1069596.0,1278.317,24,433812.0,192.52999999999997,4.0,0.4055849124342275
92503,1296281.0,2491.112,260,83889.0,30.905,7.0,0.06471513506716522
92504,1159257.49,1806.629,239,31788.49,5.4,1.0,0.027421423000682964
92505,497.0,3.12,1,0.0,0.0,0.0,0.0
92506,181848.0,334.0,49,0.0,0.0,0.0,0.0
92507,515356.0,2140.458,25,36012.0,13.17,2.0,0.06987790963916206
92508,591606.09,1060.686,129,19433.09,3.42,1.0,0.03284802223722883
92509,4954015.98,6810.581,407,1935512.98,1189.954,64.0,0.3906957482200128
92518,5456188.0,5445.576,5,0.0,0.0,0.0,0.0
92530,1361073.53,2345.7690000000002,383,1055727.53,516.4350000000001,25.0,0.7756579690444791
92531,338.0,2.04,1,0.0,0.0,0.0,0.0
92532,1051551.56,1774.378,252,61945.56,11.69,3.0,0.05890872341057627
92536,278401.85,206.298,13,0.0,0.0,0.0,0.0
92543,2064445.99,1992.076,149,2739006.26,1994.165,62.0,1.3267512316948529
92544,3451293.32,3877.983,465,375052.7,197.97500000000002,15.0,0.10867018975947255
92545,6526942.9399999995,5996.729,244,162499.44,117.44,4.0,0.024896715276018642
92546,3433.0,2.376,1,0.0,0.0,0.0,0.0
92548,320264.07,295.565,40,24879.07,4.15,2.0,0.07768298829150581
92549,350051.85,289.612,21,0.0,0.0,0.0,0.0
92551,5885269.94,5842.66,90,339567.74,120.73,25.0,0.05769790399792604
92553,2013304.89,3120.249,116,2277687.69,1285.045,90.0,1.1313178154551644
92554,4864.0,3.04,1,0.0,0.0,0.0,0.0
92555,2276124.21,2222.919,240,169739.53,47.715,10.0,0.07457393109491156
92557,1222756.27,1756.667,289,985432.07,458.22,25.0,0.8059104616163612
92561,11576.0,13.965,3,0.0,0.0,0.0,0.0
92562,13622365.2817,15069.101,1220,635072.42,363.565,9.0,0.046619834872079303
92563,3799224.02,6470.51,811,157214.97,29.48,9.0,0.04138081070565563
92564,807.0,4.86,1,0.0,0.0,0.0,0.0
92567,1008923.28,1708.202,105,47528.28,10.265,3.0,0.047107922814507756
92570,7161872.51,7857.855,332,1031828.44,496.22,75.0,0.1440724389549347
92571,438472.21,562.147,118,1136909.21,586.9,68.0,2.5928877225765343
92572,895965.0,626.4,1,7581.0,2.85,1.0,0.008461268018281964
92581,406424.0,1735.685,11,14328.0,5.415,1.0,0.035253823593094896
92582,2331450.92,3651.029,151,520190.92,317.09499999999997,19.0,0.22311896662186653
92583,1494537.63,2454.727,157,666915.13,325.595,21.0,0.44623508743637325
92584,6184444.1,9602.629,649,94954.1,19.055,5.0,0.015353700100547438
92585,807054.7092,1553.339,258,268795.43,220.465,6.0,0.3330572598559592
92586,651726.39,768.192,155,294841.43,55.375,14.0,0.45240063088438076
92587,1578415.17,3113.549,411,89998.58,18.285,4.0,0.05701831920431936
92589,313848.0,860.521,36,0.0,0.0,0.0,0.0
92590,4320275.26,3773.071,112,2244812.4,1466.12,18.0,0.5195993923776051
92591,6790149.07,7265.269,400,56228.19,19.095,4.0,0.008280847654497813
92592,6447300.65,13547.153,1178,320481.95,205.80499999999998,7.0,0.049707926991119915
92595,1503287.17,2689.26,433,117153.59999999999,21.275,5.0,0.0779316170176587
92596,6405054.449999999,3944.975,429,134995.89,26.929,6.0,0.021076462511571626
92602,898787.0,1684.041,83,440505.0,209.495,2.0,0.4901105601215861
92603,1787372.21,2262.357,128,282076.0,211.99,1.0,0.15781603765675645
92604,2379485.91,2520.907,109,0.0,0.0,0.0,0.0
92605,157029.65,226.548,23,0.0,0.0,0.0,0.0
92606,1996692.84,1297.192,73,457705.14,158.435,11.0,0.22923162282687407
92607,753301.0,456.255,4,0.0,0.0,0.0,0.0
92609,21622.0,12.384,2,0.0,0.0,0.0,0.0
92610,1614501.0,2041.3580000000002,97,0.0,0.0,0.0,0.0
92612,3074147.5,1775.436,49,0.0,0.0,0.0,0.0
92614,1156444.09,1922.576,53,56959.0,58.88,1.0,0.049253570053697966
92617,231105.91,323.767,34,0.0,0.0,0.0,0.0
92618,8278234.92,6818.834,83,788088.0,664.14,4.0,0.09520000430236643
92620,4384281.1,4664.561,215,1827955.0,1444.46,9.0,0.41693380472342434
92624,68823.0,94.864,23,0.0,0.0,0.0,0.0
92625,660398.0,744.766,93,0.0,0.0,0.0,0.0
92626,3754149.48,6163.6939999999995,259,0.0,0.0,0.0,0.0
92627,1489971.85,1775.934,135,47141.97,13.34,2.0,0.03163950379330992
92629,245996.0,454.315,75,0.0,0.0,0.0,0.0
92630,1365591.25,2290.4575,417,0.0,0.0,0.0,0.0
92637,194789.0,378.718,49,0.0,0.0,0.0,0.0
92646,3451900.46,4527.929,409,0.0,0.0,0.0,0.0
92647,2625227.3,3446.82,230,104545.0,102.215,3.0,0.039823218355225856
92648,3351829.2800000003,3429.733,159,852417.0,440.83,5.0,0.25431396673042966
92649,757234.06,1283.067,204,0.0,0.0,0.0,0.0
92650,1395.0,1.584,1,0.0,0.0,0.0,0.0
92651,1045525.02,1188.754,198,0.0,18.0,1.0,0.0
92652,6969.85,3.4,1,0.0,0.0,0.0,0.0
92653,1008162.29,2406.249,263,0.0,6.0,1.0,0.0
92655,134639.0,97.035,14,82761.0,24.84,1.0,0.6146881661331413
92656,1120102.8,1929.715,194,0.0,0.0,0.0,0.0
92657,534649.0,523.1129999999999,55,0.0,0.0,0.0,0.0
92660,2005239.8075,2031.498,191,500894.0,325.0,1.0,0.24979256751564363
92661,25607.0,72.06,9,0.0,0.0,0.0,0.0
92662,42830.0,53.115,8,0.0,0.0,0.0,0.0
92663,657587.0,933.2940000000001,60,0.0,0.0,0.0,0.0
92672,537095.0,714.593,121,0.0,0.0,0.0,0.0
92673,2337334.0,3571.783,210,0.0,0.0,0.0,0.0
92675,2484329.9,3074.8450000000003,160,0.0,0.0,0.0,0.0
92676,72643.0,113.386,18,0.0,0.0,0.0,0.0
92677,5581580.9,4454.333,333,0.0,0.0,0.0,0.0
92678,40480.0,46.175,6,0.0,0.0,0.0,0.0
92679,1647959.37,2906.902,456,0.0,0.0,0.0,0.0
92683,3685278.19,3904.458,277,1169877.5,817.4549999999999,13.0,0.3174461844358078
92688,3085224.44,3243.4,249,0.0,0.0,0.0,0.0
92691,3147996.1349,6091.4439999999995,475,0.0,0.0,0.0,0.0
92692,950536.49,1715.244,315,0.0,350.14,1.0,0.0
92694,1031790.0,1327.694,156,0.0,0.0,0.0,0.0
92697,2375709.0,2000.25,2,0.0,0.0,0.0,0.0
92701,3755604.52,3524.116,50,1048339.52,450.065,24.0,0.2791400197803575
92703,832063.89,782.48,34,150821.89,220.85500000000002,8.0,0.18126239080030263
92704,9234536.8,7785.098,86,2077398.8,1054.685,12.0,0.2249597186076512
92705,7687231.9944,7253.11,562,3345574.36,1056.93,4.0,0.4352118372955553
92706,2112878.89,1845.107,99,724702.0,552.04,5.0,0.3429926833146598
92707,2994855.7199999997,2350.038,59,257940.72,68.345,18.0,0.08612792872706403
92708,4430005.57,3432.535,349,0.0,0.0,0.0,0.0
92727,6074.0,3.28,1,0.0,0.0,0.0,0.0
92757,1697.0,1.8,1,0.0,0.0,0.0,0.0
92780,2592603.9,2901.722,218,867680.0,707.745,4.0,0.33467511176697684
92782,1530151.05,1594.252,113,0.0,0.0,0.0,0.0
92801,2392.0,1.8,1,0.0,0.0,0.0,0.0
92804,74222.0,183.682,27,34765.0,29.837,2.0,0.46839212093449384
92807,14178.0,11.635,3,0.0,0.0,0.0,0.0
92821,9808198.3,6211.623,271,1422463.25,582.72,6.0,0.1450279864345728
92823,244055.0,705.564,43,0.0,0.0,0.0,0.0
92831,3532784.0,3236.119,164,0.0,0.0,0.0,0.0
92832,629502.92,766.848,72,418659.92,326.17,25.0,0.6650643018462884
92833,557391.65,1383.766,155,0.0,0.0,0.0,0.0
92834,387.0,0.165,1,0.0,0.0,0.0,0.0
92835,2162259.0,2247.694,266,239527.0,83.2,1.0,0.11077627610753384
92840,2903597.0,2248.382,129,2301501.0,1058.76,1.0,0.7926378901755305
92841,1797412.0,1300.526,84,226809.0,95.965,2.0,0.1261864280420961
92843,1146158.18,1263.417,52,902587.0,618.6949999999999,5.0,0.7874890357629346
92844,135342.0,214.736,35,14070.0,5.135,1.0,0.10395885977745267
92845,287201.0,531.432,99,0.0,0.0,0.0,0.0
92856,79637.0,182.288,19,0.0,0.0,0.0,0.0
92860,2161802.0,3938.935,443,301472.0,114.8,2.0,0.13945402955497313
92861,972578.0,1357.788,182,0.0,0.0,0.0,0.0
92862,1188.0,4.16,1,0.0,0.0,0.0,0.0
92865,2572860.0,2005.773,126,20919.0,49.695,3.0,0.0081306406100604
92866,198135.62,322.81,44,0.0,0.0,0.0,0.0
92867,1563828.0,3084.657,336,0.0,0.0,0.0,0.0
92868,1257487.5,1529.7050000000002,39,72437.0,74.88,1.0,0.05760454875296971
92869,1827740.55,2680.362,350,0.0,0.0,0.0,0.0
92870,1573274.92,2377.168,426,780164.82,796.5849999999999,4.0,0.49588588115292653
92877,84985.54000000001,52.325,9,0.0,0.0,0.0,0.0
92879,3053111.73,3487.9840000000004,180,152803.98,76.99,8.0,0.050048604018825084
92880,6170534.2934,6477.366,733,1355043.56,490.73,9.0,0.21959906477618218
92881,2950129.05,5358.959,524,82385.4,15.41,4.0,0.027926032591692896
92882,3961229.58,3851.929,437,3125520.2,1751.03,16.0,0.7890277846506438
92883,1284347.19,2850.5190000000002,469,67082.19,11.440000000000001,2.0,0.0522305732611133
92885,240792.0,938.542,23,0.0,0.0,0.0,0.0
92886,3752731.34,4955.067,605,117094.28,103.05000000000001,4.0,0.031202414825677344
92887,2574093.3,2197.17,253,0.0,0.0,0.0,0.0
92911,5826.0,4.6,1,0.0,0.0,0.0,0.0
92914,8640.0,6.72,1,0.0,0.0,0.0,0.0
92942,2122.0,1.728,1,0.0,0.0,0.0,0.0
93001,924696.85,1315.614,112,222716.97,67.28999999999999,6.0,0.24085403773139274
93003,4362182.15,3086.647,199,0.0,0.0,0.0,0.0
93004,913818.5,880.472,118,26006.5,4.6,1.0,0.028459152446574456
93006,11396.0,6.075,1,0.0,0.0,0.0,0.0
93009,707054.0,1122.2,1,0.0,0.0,0.0,0.0
93010,2471498.76,3173.737,427,816024.0,292.22,4.0,0.3301737444529408
93012,5366010.720000001,4326.144,336,0.0,0.0,0.0,0.0
93013,558080.35,545.565,77,696798.0,446.71,4.0,1.2485621470098347
93015,731918.59,2085.38,84,46468.0,11.299999999999999,3.0,0.06348793518142502
93020,248995.4,99.22,3,0.0,0.0,0.0,0.0
93021,4126893.93,3999.1569999999997,302,1137171.65,644.625,12.0,0.2755514605629808
93022,224773.0,327.387,54,0.0,0.0,0.0,0.0
93023,3075800.41,3076.953,303,138989.0,43.01,1.0,0.04518791256679753
93030,14510113.879999999,12150.037,209,6348778.07,2055.874,136.0,0.4375415742774309
93033,2123965.93,1469.24,46,644746.93,194.62,3.0,0.3035580377694665
93035,153022.65,237.243,56,0.0,0.0,0.0,0.0
93036,4231398.34,5129.692,67,50024.34,11.615,5.0,0.011822176968571576
93040,1074023.31,147.918,69,1186421.31,247.76,83.0,1.1046513599411543
93041,18954.0,63.656,14,96422.0,73.60000000000001,6.0,5.08715838345468
93043,137563.0,91.85,2,0.0,0.0,0.0,0.0
93060,4844404.5,3137.347,64,502410.82,209.37,4.0,0.10370951063231817
93062,2531754.0,3250.365,25,0.0,0.0,0.0,0.0
93063,3055418.58,6830.939,639,1631221.0,2812.91,10.0,0.5338780783351785
93064,558925.0,362.89,2,0.0,0.0,0.0,0.0
93065,12590343.59,14552.84,818,483037.97,199.625,7.0,0.03836574963559036
93066,344209.0,399.582,42,0.0,0.0,0.0,0.0
93067,10557.0,8.96,2,0.0,0.0,0.0,0.0
93101,1353197.0,839.107,82,680297.0,417.97,10.0,0.502733157108684
93103,595482.0,545.922,83,79568.0,80.0,1.0,0.13361948807856494
93105,1411992.95,1521.893,234,236180.0,121.03999999999999,2.0,0.16726712410285052
93106,778804.0,587.74,5,0.0,0.0,0.0,0.0
93108,1594647.4,1399.981,215,0.0,0.0,0.0,0.0
93109,981254.0,704.024,98,0.0,0.0,0.0,0.0
93110,3122307.51,2345.3489999999997,139,627310.0,634.86,3.0,0.20091230539941277
93111,897994.0,1186.611,171,0.0,0.0,0.0,0.0
93117,4987169.74,3522.062,230,2135266.0,850.495,16.0,0.42815185993649374
93202,226202.03,612.75,17,270468.03,81.64,17.0,1.1956923198257772
93203,1032292.0,1506.134,26,930975.0,324.99,22.0,0.9018523828529137
93204,928156.54,1425.319,19,84237.54000000001,52.0,6.0,0.09075790167895602
93205,57960.75,55.744,13,16797.0,6.16,1.0,0.28979956263505907
93206,2982969.0,2594.667,8,0.0,0.0,0.0,0.0
93207,9355.0,16.56,1,0.0,0.0,0.0,0.0
93208,15647.0,11.28,1,0.0,0.0,0.0,0.0
93210,4627825.0,8952.903,39,14820.0,5.46,1.0,0.0032023682831567746
93212,3637096.46,10880.938,41,245405.46,83.69500000000001,21.0,0.0674729039218278
93215,23520574.45,35353.009,163,1046337.05,533.625,56.0,0.044486032950611036
93218,2043415.55,1127.94,6,107252.55,37.945,8.0,0.05248690115918908
93219,1492574.15,5018.3150000000005,45,538983.15,147.665,38.0,0.3611097981296273
93220,669173.0,1659.85,3,0.0,0.0,0.0,0.0
93221,2893671.3400000003,3595.768,204,369995.41,127.8,27.0,0.12786366056346948
93222,22688.0,15.51,3,0.0,0.0,0.0,0.0
93223,752818.88,1082.58,31,1116520.88,355.91,79.0,1.483120189546787
93225,79417.0,104.051,21,0.0,0.0,0.0,0.0
93226,40429.0,61.235,6,0.0,0.0,0.0,0.0
93227,1270004.78,652.14,95,1445275.78,432.305,119.0,1.1380081419851034
93230,16875358.88,27881.881,581,2132375.62,639.971,138.0,0.12636031240361983
93234,2741815.0,1842.9,10,25492.0,6.99,2.0,0.009297490895629356
93235,282788.76,302.79,10,175532.76,62.56,14.0,0.6207204275021397
93238,46609.5,42.535,7,0.0,0.0,0.0,0.0
93239,771865.0,2777.54,8,0.0,0.0,0.0,0.0
93240,191318.56,280.674,45,42237.0,15.52,5.0,0.2207679171325563
93241,747267.5900000001,2324.1400000000003,9,63727.59,24.755,7.0,0.08528081620668172
93242,122826.0,200.397,24,0.0,0.0,0.0,0.0
93243,781430.0,1805.675,2,0.0,0.0,0.0,0.0
93244,94679.93,91.751,13,0.0,0.0,0.0,0.0
93245,5691549.8100000005,8217.99,248,823803.81,428.31899999999996,17.0,0.14474156205267402
93247,8390420.6,6886.606,202,5864216.25,2336.4900000000002,306.0,0.6989180315942684
93249,15254.0,14.24,2,0.0,0.0,0.0,0.0
93250,2602519.0,2011.25,20,87369.0,32.335,8.0,0.03357093646578565
93252,9150.0,5.76,1,0.0,0.0,0.0,0.0
93254,138934.0,204.6,3,77982.0,29.215,8.0,0.5612880936271899
93255,33487.0,24.82,4,0.0,0.0,0.0,0.0
93256,3463662.0,16690.989999999998,35,97269.0,33.85,8.0,0.028082705529581118
93257,18053126.67,22235.25,608,6636090.7,2281.872,411.0,0.3675867799137311
93260,1040.0,6.3,1,0.0,0.0,0.0,0.0
93261,4777799.45,3989.61,11,72735.0,26.8,6.0,0.015223535596497252
93262,25931.0,21.42,1,0.0,0.0,0.0,0.0
93263,3917918.77,8326.451,108,98332.77,30.86,5.0,0.025098215601851288
93265,391820.95,612.359,77,0.0,0.0,0.0,0.0
93266,221239.0,680.515,9,18678.0,6.95,2.0,0.08442453636112981
93267,2941150.11,6954.697999999999,54,383062.11,124.27,24.0,0.13024228470950094
93268,1880316.0,2989.011,68,0.0,0.0,0.0,0.0
93270,7362427.2,4654.982,49,276233.8,88.595,20.0,0.03751939306102748
93271,210279.73,281.86,44,0.0,0.0,0.0,0.0
93272,5491830.0,25960.445,41,68325.0,25.21,6.0,0.012441208121882869
93274,20759746.49,51868.182,619,3634210.03,1357.315,175.0,0.17506042435299507
93276,1730420.0,1642.6200000000001,5,0.0,0.0,0.0,0.0
93277,10614253.41,17173.916,456,1197690.05,578.2,36.0,0.11283789860072693
93280,4265103.9,8331.152,54,470846.9,213.715,27.0,0.11039517700846631
93282,3234.0,15.564,2,0.0,0.0,0.0,0.0
93283,72127.02,66.825,13,0.0,0.0,0.0,0.0
93285,102288.0,175.245,20,0.0,0.0,0.0,0.0
93286,895626.91,1421.7,72,1675155.91,782.908,71.0,1.8703724634624923
93287,983.0,5.88,2,0.0,0.0,0.0,0.0
93290,14550.06,7.26,1,0.0,0.0,0.0,0.0
93291,8703944.65,12186.768,524,3084733.92,1284.55,209.0,0.354406426516051
93292,5119496.3,6592.907,414,1010645.75,351.011,78.0,0.1974111691417767
93301,942816.94,1063.5339999999999,40,70633.94,18.119999999999997,5.0,0.07491797930571761
93304,976496.0,1698.252,73,233377.0,123.065,8.0,0.23899432255738887
93305,3220767.0,1682.624,58,224158.0,138.595,9.0,0.0695977076267858
93306,7060559.08,5060.082,352,2079368.0,1718.83,6.0,0.2945047235551211
93307,4199595.99,6964.203,126,620701.99,373.01,21.0,0.1478004054385241
93308,12541865.0,8743.961,359,72960.0,26.830000000000002,6.0,0.005817316643098933
93309,1368827.0,2434.674,281,197805.0,72.065,11.0,0.14450693915301202
93310,12045.21,5.775,1,0.0,0.0,0.0,0.0
93311,4104348.0,4618.9039999999995,465,0.0,0.0,0.0,0.0
93312,3783487.0,7460.8949999999995,900,0.0,0.0,0.0,0.0
93313,5287934.3100000005,5072.313,255,99759.31,36.305,8.0,0.018865459393348626
93314,2767852.0,5782.485,686,1439164.0,1124.125,2.0,0.5199569919200883
93384,2266.0,7.92,1,0.0,0.0,0.0,0.0
93401,4341809.28,4176.647,268,433524.28,388.69,7.0,0.09984876166647283
93402,550554.75,851.621,101,242207.75,160.715,3.0,0.43993399384893145
93403,154224.0,86.24,1,0.0,0.0,0.0,0.0
93405,2468702.17,1823.612,150,1639966.17,649.34,13.0,0.664302964500574
93409,219084.0,897.75,1,0.0,0.0,0.0,0.0
93420,2150417.67,2957.283,320,996090.67,573.134,21.0,0.4632080008903573
93422,1399402.71,2304.589,210,803550.71,308.718,36.0,0.5742097712530513
93423,264745.0,124.375,2,0.0,0.0,0.0,0.0
93424,5194.0,28.84,5,165630.0,112.0,1.0,31.888717751251445
93426,108009.0,221.7,17,0.0,0.0,0.0,0.0
93427,196447.0,356.707,13,0.0,0.0,0.0,0.0
93428,121334.0,115.977,27,140861.0,89.07,2.0,1.1609359289234675
93429,1612500.0,1135.2,1,0.0,0.0,0.0,0.0
93430,90429.0,178.005,26,0.0,130.0,1.0,0.0
93432,140634.0,193.79,25,0.0,0.0,0.0,0.0
93433,89580.0,113.179,27,56885.0,60.0,1.0,0.6350189774503238
93434,536511.24,186.01,15,930733.24,423.401,15.0,1.7347879608263193
93435,14750.0,13.86,2,0.0,0.0,0.0,0.0
93436,218872.0,372.575,45,51055.0,35.0,1.0,0.2332641909426514
93440,267088.42,62.676,22,299219.42,81.395,22.0,1.1203009849696965
93441,85062.0,112.047,20,0.0,0.0,0.0,0.0
93442,412550.0,597.553,48,530900.0,359.0,3.0,1.2868743182644529
93444,1603489.27,1767.03,177,575412.27,122.41,43.0,0.35885009071498186
93445,186196.63,12.225000000000001,18,551792.63,299.485,17.0,2.9634941835413455
93446,12317661.7725,8920.443,365,1035496.64,565.55,31.0,0.08406600693581433
93447,25451.0,13.23,2,0.0,0.0,0.0,0.0
93449,108704.0,161.385,24,22200.0,15.0,1.0,0.204224315572564
93451,2524936.87,1563.7300000000002,72,813278.32,235.06,73.0,0.3220984768621165
93453,58720.0,106.005,19,0.0,0.0,0.0,0.0
93454,6457367.0,4410.303,60,1221714.0,489.065,11.0,0.18919692809778352
93455,2668370.9,3117.963,91,521011.9,313.74,7.0,0.19525467767618063
93458,3185739.0,3166.77,18,2066939.0,901.17,44.0,0.6488098993671484
93460,784579.0,940.61,103,0.0,0.0,0.0,0.0
93461,56536.0,82.28999999999999,9,0.0,0.0,0.0,0.0
93463,251274.0,345.65999999999997,54,0.0,0.0,0.0,0.0
93464,4155.0,13.420000000000002,2,0.0,0.0,0.0,0.0
93465,1272393.92,893.475,154,730396.25,249.293,36.0,0.5740331186115696
93501,2456528.0,1180.8449999999998,25,744525.0,493.43999999999994,2.0,0.30308020099913374
93504,1574.0,7.5,1,0.0,0.0,0.0,0.0
93505,3862029.69,5487.927000000001,128,0.0,0.0,0.0,0.0
93510,941755.18,1389.684,189,0.0,0.0,0.0,0.0
93512,74731.0,103.46,5,85974.0,32.0,8.0,1.1504462672786393
93513,12179.0,7.59,1,0.0,0.0,0.0,0.0
93514,3832511.2199999997,1776.102,192,2840319.04,862.53,224.0,0.7411117350884103
93516,757637.0,409.19,10,101571.0,105.0,1.0,0.13406288235659028
93517,43554.24,31.625,5,11472.24,2.5,1.0,0.26340122109810665
93518,55065.0,77.104,16,0.0,0.0,0.0,0.0
93519,2028.0,11.76,1,0.0,0.0,0.0,0.0
93523,5620050.0,4930.455,15,25164.0,9.260000000000002,2.0,0.0044775402354071585
93527,179991.76,228.518,37,0.0,0.0,0.0,0.0
93529,7541.0,4.6,1,0.0,0.0,0.0,0.0
93531,66136.0,78.709,12,0.0,0.0,0.0,0.0
93532,124036.0,199.984,13,0.0,0.0,0.0,0.0
93534,13895551.35,10538.194,219,3263915.06,1395.675,34.0,0.2348892086243127
93535,20346951.1,16261.726,408,3591374.04,2597.65,49.0,0.1765067415923558
93536,14328971.63,17513.042,1056,83742.23999999999,39.38,4.0,0.005844260297415355
93541,89292.97,95.734,11,0.0,0.0,0.0,0.0
93543,2932264.24,3110.638,96,191161.24,37.39,9.0,0.06519236479178969
93544,5747821.7,1931.915,11,0.0,0.0,0.0,0.0
93546,3568604.0,1230.66,37,0.0,0.0,0.0,0.0
93550,12399733.95,10143.632,237,2480086.35,1772.26,73.0,0.2000112550801947
93551,13273345.7589,13261.804,868,207537.54,187.62,3.0,0.015635661405176807
93552,5239558.32,5038.677,201,313162.77,101.49,5.0,0.05976892533185889
93553,158063.72999999998,277.126,26,20506.73,3.57,1.0,0.12973710034553784
93555,4663520.07,3685.774,366,651950.5,417.69,3.0,0.13979794022844205
93560,3637050.99,2701.223,258,3297757.0,1171.6399999999999,6.0,0.9067117862980524
93561,3581162.0,4129.490000000001,202,813947.0,543.15,4.0,0.22728572457766502
93562,16888.0,38.928,7,148604.0,94.905,1.0,8.799384178114638
93563,925.0,5.4,1,0.0,0.0,0.0,0.0
93567,8780.0,4.8,1,0.0,0.0,0.0,0.0
93591,4969018.87,2487.507,33,234103.27,56.46,13.0,0.04711257415691802
93601,130424.0,192.501,26,0.0,0.0,0.0,0.0
93602,243855.0,294.536,41,0.0,0.0,0.0,0.0
93603,18472.0,24.735,3,0.0,0.0,0.0,0.0
93607,5824.0,2.8,2,0.0,0.0,0.0,0.0
93608,452907.0,2265.6000000000004,2,13584.0,5.005,1.0,0.029992912452225292
93609,2950155.0,3288.062,36,26985.0,10.129999999999999,3.0,0.009146977023241151
93610,4296471.1,6677.648,83,49057.1,24.705,5.0,0.011417998366147512
93611,5528298.41,7290.3895,768,301273.41000000003,63.996,19.0,0.054496589665824505
93612,2807464.73,2626.583,157,2116165.73,1288.6470000000002,49.0,0.7537639591290609
93614,942599.71,1413.333,138,46429.71,7.92,1.0,0.049257080717752394
93615,425676.0,1489.535,6,49806.0,18.475,4.0,0.11700448228229922
93616,100831.53,48.546,8,91155.53,19.82,4.0,0.9040379532076921
93618,8807072.0,7303.848,90,572204.0,208.102,48.0,0.06497096878508545
93619,5571985.0,8132.7295,870,0.0,0.0,0.0,0.0
93620,170107.0,355.53,18,71346.0,26.17,6.0,0.41941836608722743
93621,26299.0,34.38,2,0.0,0.0,0.0,0.0
93622,1804535.05,2776.695,44,472951.05,205.44199999999998,24.0,0.2620902542181156
93624,2018498.0,1214.0049999999999,4,0.0,0.0,0.0,0.0
93625,1681724.87,3605.15,49,280149.87,105.895,14.0,0.16658484095558387
93626,147260.0,209.268,23,0.0,0.0,0.0,0.0
93630,2769216.39,3161.092,70,438747.39,120.285,27.0,0.15843738018609663
93631,5412665.47,9590.395,143,1305755.47,424.82000000000005,4.0,0.24124074861770461
93632,41454.0,0.0,1,41454.0,7.0,1.0,1.0
93635,4263829.03,4056.449,84,776798.03,354.08,36.0,0.18218320306337424
93636,3928156.1,3989.413,239,171733.1,82.255,4.0,0.04371850192002299
93637,5333457.0,8085.854,155,275478.0,95.925,21.0,0.05165092734412221
93638,4789969.96,5162.01,160,899441.66,287.867,68.0,0.18777605444523499
93640,271225.5,634.61,10,350449.5,110.505,22.0,1.2920964289862127
93641,9536.0,8.9,2,0.0,0.0,0.0,0.0
93643,179076.0,318.348,22,0.0,0.0,0.0,0.0
93644,911026.0,1362.859,45,0.0,0.0,0.0,0.0
93645,26880.0,92.165,6,0.0,0.0,0.0,0.0
93646,2902098.6,3212.5950000000003,16,968871.6,800.83,40.0,0.33385206140135965
93647,288078.0,83.303,23,404780.0,117.275,26.0,1.4051055616881538
93648,2429322.0,4509.84,15,427638.0,153.27,29.0,0.17603183110349307
93650,785517.0,1053.876,45,36122.0,8.190000000000001,2.0,0.04598500096115043
93651,146416.0,212.823,28,0.0,0.0,0.0,0.0
93652,2167.0,10.2,1,0.0,0.0,0.0,0.0
93653,57669.0,116.505,14,0.0,0.0,0.0,0.0
93654,4451972.36,9652.892,140,1077663.36,366.365,85.0,0.24206425216889713
93656,1554070.0,949.4639999999999,17,119949.0,44.155,11.0,0.07718378194032444
93657,2395760.7,4339.21,202,293457.7,95.885,20.0,0.12249040565695897
93660,40856.54,13.06,6,75069.54000000001,21.814999999999998,5.0,1.8373934748267966
93662,2107532.83,4291.484,111,466611.83,190.715,33.0,0.2214019271054487
93664,36263.0,26.909,4,0.0,0.0,0.0,0.0
93666,1501.0,4.95,1,0.0,0.0,0.0,0.0
93667,1234173.0,681.3420000000001,23,0.0,0.0,0.0,0.0
93668,25729.0,49.8,4,13626.0,5.015,1.0,0.5295969528547554
93675,65427.0,144.918,22,0.0,0.0,0.0,0.0
93701,140444.07,16.64,12,174603.07,43.245000000000005,12.0,1.2432213763101567
93702,302686.11,1069.969,29,315383.11,154.2,19.0,1.0419477458017483
93703,500596.15,612.018,36,338991.15,112.077,25.0,0.6771749043615297
93704,1203605.6,1316.761,144,181365.6,53.675,12.0,0.15068524107897138
93705,299852.2,267.011,54,2767947.2,1804.555,39.0,9.23103849163021
93706,6263343.73,2527.3419999999996,175,2583770.73,744.36,163.0,0.4125225824066341
93707,1098.0,6.86,1,0.0,0.0,0.0,0.0
93710,1824595.0,2640.216,181,88292.0,28.655,6.0,0.048389916666438305
93711,3669674.16,4496.599,497,159000.16,52.255,2.0,0.04332814115572593
93712,12259.0,8.28,1,0.0,0.0,0.0,0.0
93718,1541007.5,0.0,1,0.0,0.0,0.0,0.0
93720,4902953.0,6701.839,534,153846.0,162.5,1.0,0.03137823266916897
93721,138930.0,250.10999999999999,4,0.0,0.0,0.0,0.0
93722,2055752.4100000001,3237.425,431,1541085.41,712.405,61.0,0.7496454351718356
93723,442876.0,782.7,99,102903.0,37.705,8.0,0.2323517192171172
93725,4096992.5700000003,6832.362999999999,102,907215.57,215.955,57.0,0.22143451678263598
93726,655402.4,704.677,94,562301.4,165.31,32.0,0.857948338303308
93727,14666516.98,9881.501,391,2198636.98,1179.077,39.0,0.1499085967716924
93728,409413.17,332.08500000000004,25,178885.16999999998,51.735,11.0,0.43693066835148464
93730,1321172.0,2570.187,237,0.0,0.0,0.0,0.0
93737,65193.0,321.09,38,14628.0,5.39,1.0,0.22437991808936542
93822,17255.0,0.0,1,17255.0,2.856,1.0,1.0
93901,1771953.0,2522.9379999999996,49,378992.0,337.495,8.0,0.21388377682703774
93905,1041552.08,1020.807,32,1347004.08,577.886,103.0,1.2932661802182759
93906,768171.96,1296.2559999999999,33,457506.96,158.115,24.0,0.5955788336767721
93907,1500328.45,2389.994,79,359440.45,40.048,15.0,0.23957450783526768
93908,610349.0,896.135,130,0.0,0.0,0.0,0.0
93920,882418.0,484.548,9,0.0,0.0,0.0,0.0
93921,463833.0,61.03,18,404079.0,0.0,1.0,0.8711734611379527
93923,2024727.0,1385.425,121,1165157.0,415.56,1.0,0.575463753878918
93924,543823.0,757.914,104,0.0,0.0,0.0,0.0
93925,41086.55,33.980000000000004,4,41293.55,11.129999999999999,3.0,1.005038145086409
93926,2353082.1,1696.19,11,245701.82,82.595,24.0,0.1044170197036474
93927,1569296.43,36.245,104,2600595.43,825.3100000000001,180.0,1.6571728452858332
93928,719628.0,1171.11,2,0.0,0.0,0.0,0.0
93930,953905.29,125.258,77,1371953.29,382.831,113.0,1.438248958657101
93932,43810.0,107.76,14,0.0,0.0,0.0,0.0
93933,3218935.0,2727.575,40,861054.0,640.25,8.0,0.2674965477712349
93940,1517929.54,2279.849,134,306561.54,68.811,12.0,0.2019603228750657
93942,51804.0,84.24,1,0.0,0.0,0.0,0.0
93950,74357.0,111.374,32,0.0,0.0,0.0,0.0
93953,46201.0,68.833,13,0.0,0.0,0.0,0.0
93954,10179.0,18.4,1,0.0,0.0,0.0,0.0
93955,3456472.0,2822.2400000000002,47,1607456.0,1216.93,5.0,0.4650568556609167
93960,4496082.46,6143.065,34,814362.46,257.815,75.0,0.181127118384746
93962,13772.0,11.129999999999999,2,0.0,0.0,0.0,0.0
94002,823441.0,979.257,127,0.0,0.0,0.0,0.0
94005,40060.0,181.664,12,0.0,0.0,0.0,0.0
94010,2002755.0,2567.531,290,0.0,0.0,0.0,0.0
94014,2020195.0,1770.158,44,574965.0,658.725,7.0,0.2846086640151074
94015,2757660.0,1966.5420000000001,48,42722.0,27.36,1.0,0.015492120130835563
94018,112175.0,182.403,42,0.0,0.0,0.0,0.0
94019,431358.0,999.343,93,91562.0,79.38,1.0,0.21226452273981242
94020,113128.0,149.417,21,0.0,0.0,0.0,0.0
94021,13230.0,20.13,2,0.0,0.0,0.0,0.0
94022,7412879.0,6544.492,457,0.0,0.0,0.0,0.0
94024,2118117.0,2482.406,392,0.0,0.0,0.0,0.0
94025,2449404.66,3047.0499999999997,277,399789.66,136.52,42.0,0.16321911463988148
94027,1747780.0,1637.715,128,0.0,0.0,0.0,0.0
94028,1678139.0,1846.996,169,0.0,0.0,0.0,0.0
94030,2798512.0,1822.647,65,0.0,0.0,0.0,0.0
94035,46362.0,34.58,8,64615.0,71.065,2.0,1.3937060523704758
94037,124673.0,178.894,26,0.0,0.0,0.0,0.0
94038,97058.0,157.411,28,0.0,0.0,0.0,0.0
94039,74480.0,49.0,1,0.0,0.0,0.0,0.0
94040,3111967.75,2771.033,250,196719.0,199.58,3.0,0.06321370136306843
94041,476155.0,614.733,92,0.0,0.0,0.0,0.0
94043,4356847.67,4741.281,87,167314.0,275.9,1.0,0.03840253611620991
94044,1797735.0,1596.462,130,111742.0,279.65999999999997,2.0,0.06215710324380401
94060,207817.0,246.661,10,0.0,0.0,0.0,0.0
94061,1373039.46,2015.874,158,269716.46,121.57000000000001,16.0,0.1964375153500687
94062,2764563.0,3048.164,362,0.0,0.0,0.0,0.0
94063,1552184.0,1446.2089999999998,29,125326.0,82.05,5.0,0.08074171618828696
94065,267792.67,143.362,15,0.0,0.0,0.0,0.0
94066,2368090.0,2700.526,90,279814.0,102.0,1.0,0.11816020505977391
94070,1554394.0,2748.238,249,0.0,0.0,0.0,0.0
94080,3939449.0,4997.031,114,648209.0,428.84,7.0,0.16454306173274486
94085,6011598.0,2803.933,40,71372.0,87.72,3.0,0.011872384015032275
94086,1925559.0,2612.44,118,433877.0,323.83,4.0,0.22532521724860158
94087,3450381.0,3099.503,410,51319.0,54.269999999999996,4.0,0.014873429919768281
94089,1760535.0,1571.56,23,245046.0,1292.0,2.0,0.13918837171655207
94101,165912.0,171.1384,49,50806.0,47.4,2.0,0.306222575823328
94102,5850173.0,2123.4950000000003,51,6078669.0,2297.035,19.0,1.0390579902508865
94103,5049063.0,2712.703,99,4479739.0,1626.4,14.0,0.8872416525600889
94104,624.0,1.15,1,3498.0,1.325,1.0,5.605769230769231
94105,167201.0,118.199,4,114435.0,77.44200000000001,2.0,0.6844157630636181
94107,1501615.81,925.933,165,805558.21,329.63599999999997,11.0,0.5364609273792875
94108,66303.0,48.955,5,153356.0,111.64,2.0,2.3129571814246717
94109,1273701.0,899.507,199,250864.0,111.87,2.0,0.19695674259500465
94110,2226567.0,1718.626,456,1180798.0,503.755,25.0,0.5303222404715421
94111,385479.0,1312.402,5,0.0,0.0,0.0,0.0
94112,427867.25,921.683,474,83589.25,30.589999999999996,10.0,0.19536258033303555
94114,966954.0,1004.649,337,76760.0,54.14,2.0,0.07938330054997446
94115,1857958.0,1391.6779999999999,122,1360245.0,544.0899999999999,15.0,0.732118271780094
94116,418048.0,540.582,208,0.0,0.0,0.0,0.0
94117,584816.0,606.511,189,90122.0,71.03999999999999,2.0,0.15410317091187656
94118,528568.0,630.539,155,0.0,0.0,0.0,0.0
94119,1593.0,5.76,1,0.0,0.0,0.0,0.0
94121,217080.0,342.544,113,0.0,0.0,0.0,0.0
94122,539121.0,732.293,292,0.0,0.0,0.0,0.0
94123,318650.0,357.061,89,19173.0,21.12,1.0,0.06016946493017417
94124,2864490.04,1152.961,309,2166604.04,550.681,168.0,0.756366407194769
94126,2600.0,4.83,1,0.0,0.0,0.0,0.0
94127,480256.0,597.549,179,0.0,0.0,0.0,0.0
94129,119494.0,82.86,3,0.0,0.0,0.0,0.0
94131,655344.0,764.363,258,0.0,0.0,0.0,0.0
94132,560195.0,1072.366,90,4077.0,1.53,1.0,0.007277822900954132
94133,250285.0,273.022,28,702821.0,480.575,2.0,2.8080827856243884
94134,638956.64,497.608,251,739843.64,300.63300000000004,51.0,1.1578933431226257
94139,6660.0,7.525,1,0.0,0.0,0.0,0.0
94303,494428.68,825.505,34,1050829.68,595.627,62.0,2.1253412726785994
94304,17735.0,17.325,1,0.0,0.0,0.0,0.0
94305,516970.0,326.821,51,0.0,0.0,0.0,0.0
94401,1446109.0,1218.296,53,0.0,0.0,0.0,0.0
94402,3889608.0,2484.493,116,0.0,0.0,0.0,0.0
94403,3331802.0,3566.5,147,134129.0,91.0,1.0,0.040257194154994805
94404,427223.0,724.2579999999999,91,27844.0,32.96,1.0,0.06517439370071368
94422,3720.0,3.075,1,0.0,0.0,0.0,0.0
94503,6014999.0,4854.797,65,797781.0,734.0699999999999,2.0,0.13263194224969946
94505,402120.0,1057.934,172,0.0,0.0,0.0,0.0
94506,2190581.0,2378.546,252,0.0,0.0,0.0,0.0
94507,1714718.0,2635.3650000000002,290,0.0,0.0,0.0,0.0
94508,390420.0,385.999,35,0.0,0.0,0.0,0.0
94509,6677951.04,9139.082,311,2564436.04,1423.181,37.0,0.38401540002904844
94510,3130855.0,3189.439,147,56042.0,8.394,4.0,0.01789990274222217
94511,96450.0,420.743,10,0.0,0.0,0.0,0.0
94512,12717.0,19.634999999999998,2,0.0,0.0,0.0,0.0
94513,3701783.0,5646.278,495,687231.0,426.53999999999996,3.0,0.18564864553108595
94514,596183.0,1703.0919999999999,42,0.0,0.0,0.0,0.0
94515,2076194.0,2377.078,85,0.0,0.0,0.0,0.0
94517,1454712.0,1630.169,163,470168.0,155.94,1.0,0.3232034932000286
94518,5173557.0,5261.703,153,197095.0,293.365,3.0,0.03809661321987948
94519,1263033.0,1356.904,70,0.0,0.0,0.0,0.0
94520,3982336.05,3939.943,76,1021631.05,933.991,11.0,0.2565406427717219
94521,3257853.0,3444.971,220,20493.0,7.865,2.0,0.006290339066863974
94522,2745.0,2.04,1,0.0,0.0,0.0,0.0
94523,5701114.0,4723.448,216,337505.0,202.76999999999998,3.0,0.059199833576385245
94525,64161.5,69.925,12,20687.5,3.96,2.0,0.3224285591826874
94526,5049027.0,4735.629,405,57725.0,61.845,1.0,0.01143289588271166
94528,228684.0,215.5245,16,0.0,0.0,0.0,0.0
94530,1505620.0,1520.86,159,731562.0,346.58,3.0,0.4858875413450937
94531,1177466.4,2839.144,153,0.0,0.0,0.0,0.0
94533,13854875.85,9655.046,132,1409567.0,968.145,10.0,0.10173797407213865
94534,6061699.45,4290.522,162,0.0,0.0,0.0,0.0
94536,5836960.92,5435.86,213,48546.0,19.08,9.0,0.008316999319570568
94537,13200.0,8.28,1,0.0,0.0,0.0,0.0
94538,13542900.97,13598.202000000001,129,267213.97,90.49,6.0,0.019730925493136788
94539,6708994.0,6248.292,347,288549.0,194.20999999999998,2.0,0.04300927978173777
94540,1107322.0,633.512,6,58334.0,65.0,1.0,0.05268025018919519
94541,2681910.0,1745.324,66,536156.0,287.59000000000003,8.0,0.19991573169867743
94542,678413.0,702.421,95,0.0,0.0,0.0,0.0
94543,3110.0,5.98,1,0.0,0.0,0.0,0.0
94544,3026665.37,2069.372,79,1272764.37,636.463,14.0,0.42051704249023075
94545,13356561.07,9940.025,53,396320.07,240.48999999999998,10.0,0.029672313698334327
94546,2235447.0,2283.283,174,407410.0,273.654,2.0,0.18224990348686415
94547,1622312.75,908.4,48,1007996.75,186.035,4.0,0.6213331862182554
94548,42745.0,60.967,7,0.0,0.0,0.0,0.0
94549,3356063.0,4290.968,383,0.0,0.0,0.0,0.0
94550,6745974.87,7446.009,676,123756.87,88.428,6.0,0.018345290693322726
94551,14119113.219999999,10845.367,256,212351.22,65.64,3.0,0.015039982801412794
94552,964022.0,1217.502,148,0.0,0.0,0.0,0.0
94553,4332552.0,6303.863,271,1307890.0,656.28,24.0,0.3018751996513833
94555,338128.0,312.42900000000003,35,0.0,0.0,0.0,0.0
94556,1009416.0,1608.8329999999999,145,0.0,0.0,0.0,0.0
94558,10451655.5119,10726.7075,525,1553249.0,1482.0910000000001,9.0,0.14861272438911793
94559,3718827.0,3263.076,129,0.0,0.0,0.0,0.0
94560,1657074.0,2489.261,76,28632.0,10.535,2.0,0.017278648992139156
94561,1297280.55,3385.859,193,346472.55,126.825,14.0,0.2670760384097333
94562,1476471.0,797.63,8,0.0,0.0,0.0,0.0
94563,1641915.0,2260.639,263,0.0,0.0,0.0,0.0
94564,800562.1699999999,637.8295,56,114371.17,108.915,3.0,0.14286357048322681
94565,9829206.86,6182.771,185,2368061.29,860.817,178.0,0.24092089257342175
94566,3502425.76,4377.948,605,1206101.76,642.985,18.0,0.34436183452465247
94567,14464.0,20.325,3,0.0,0.0,0.0,0.0
94568,5422655.6899999995,6445.062,224,360159.69,125.905,3.0,0.06641758403805277
94571,65926.0,143.547,37,141209.0,143.04500000000002,3.0,2.141931862997907
94572,546984.0,424.457,14,176204.0,65.635,11.0,0.32213739341552955
94573,1448515.0,1588.256,26,0.0,0.0,0.0,0.0
94574,6695536.0,7645.406,156,157711.0,107.08,3.0,0.02355464894819474
94576,25070.0,17.63,1,0.0,0.0,0.0,0.0
94577,1925772.0,3133.675,85,651926.0,632.0749999999999,10.0,0.3385270945885598
94578,3101433.352,2704.287,39,626629.0,1499.955,6.0,0.20204496723939275
94579,286147.0,580.54,28,302642.0,246.02800000000002,3.0,1.0576451963501277
94580,2403735.352,1790.885,39,0.0,0.0,0.0,0.0
94582,8433476.0,5073.605,223,0.0,1121.0,1.0,0.0
94583,2931356.0,3080.875,280,0.0,0.0,0.0,0.0
94585,1757166.0,1333.775,43,52787.0,8.84,2.0,0.030040986452048356
94586,343007.0,1380.485,12,0.0,0.0,0.0,0.0
94587,4436870.0,3446.387,92,353440.0,213.11,6.0,0.0796597601462292
94588,2331333.0,3028.837,287,16663.0,4.08,1.0,0.007147413089421374
94589,1282681.75,908.88,26,763573.75,1119.92,13.0,0.5952947798625808
94590,1150165.0,965.763,46,373381.0,260.791,17.0,0.3246325527206966
94591,891217.22,914.107,102,374128.22,261.237,5.0,0.419794648940917
94592,621.0,2.88,1,0.0,0.0,0.0,0.0
94595,286809.0,472.841,83,39350.0,42.34,1.0,0.13719932080234581
94596,1785882.0,2313.6330000000003,157,15860.0,5.98,1.0,0.008880765918464938
94597,821735.24,1152.2740000000001,89,388852.24,187.88100000000003,10.0,0.4732086699847508
94598,3588939.0,3925.536,337,140921.0,104.88,2.0,0.03926536505635788
94599,608719.5,874.842,18,5310.5,1.36,1.0,0.008724051061285206
94601,1733631.76,1276.721,78,1476098.58,702.896,37.0,0.8514487413405486
94602,1073029.0,995.417,132,245569.0,94.465,3.0,0.22885588367136397
94603,3036514.76,1997.4250000000002,36,622891.76,249.965,48.0,0.2051337830480363
94605,1519680.95,1660.072,107,305844.95,92.385,22.0,0.20125602679957263
94606,603872.64,676.653,30,179553.64,104.37,10.0,0.29733693515241894
94607,2933129.2800000003,1942.557,75,3027275.64,1658.912,72.0,1.0320975828245798
94608,1181033.88,1814.056,64,352699.88,1248.24,20.0,0.2986365471581561
94609,441765.83999999997,472.43600000000004,63,62955.84,21.115000000000002,7.0,0.14250952495557376
94610,1010609.46,1242.103,134,18708.46,3.2,1.0,0.018512057070987638
94611,1775456.0,2392.924,351,0.0,0.0,0.0,0.0
94612,679967.0,597.656,10,355057.0,312.05,7.0,0.5221679875641023
94618,896571.3,1036.143,187,9038.3,1.925,1.0,0.010080960655332151
94619,2363568.92,2143.5209999999997,113,69189.92,14.18,4.0,0.02927349374690542
94621,1788822.69,2079.442,62,1039907.6900000001,283.887,60.0,0.5813363704593886
94691,2157.0,3.99,1,0.0,0.0,0.0,0.0
94701,291209.0,601.676,18,0.0,0.0,0.0,0.0
94702,364074.0,446.631,92,168361.0,113.46,5.0,0.46243620802364355
94703,534586.0,550.922,106,26019.0,14.38,2.0,0.048671308264713255
94704,973497.0,1365.725,47,60241.0,22.814999999999998,2.0,0.061881033018078124
94705,757208.0,879.208,190,0.0,0.0,0.0,0.0
94706,556793.0,697.8929999999999,111,0.0,0.0,0.0,0.0
94707,729405.9,760.5154,200,0.0,0.0,0.0,0.0
94708,490761.38,696.68,176,0.0,0.0,0.0,0.0
94709,164587.0,195.197,46,0.0,0.0,0.0,0.0
94710,637637.0,626.3,45,122930.0,57.732,2.0,0.1927899416125476
94720,1121371.0,1801.42,5,0.0,0.0,0.0,0.0
94801,3643598.92,1658.1109999999999,125,3626011.43,1760.161,337.0,0.995173044457923
94803,686691.0,834.749,109,85599.0,32.27,8.0,0.12465432050223463
94804,8048921.74,3914.699,145,7264259.74,4216.843,251.0,0.902513401751624
94805,199733.53,144.968,54,299332.53,96.165,33.0,1.4986593888367168
94806,4356335.26,3408.954,53,2107306.26,1041.946,81.0,0.483733719796396
94807,708.0,4.32,1,0.0,0.0,0.0,0.0
94901,3445446.0,3599.103,244,760722.0,331.19,9.0,0.22079057399245264
94903,3370318.0,2867.944,185,411446.0,232.062,3.0,0.12207928153960546
94904,1259923.0,981.975,121,0.0,0.0,0.0,0.0
94914,6435.0,4.05,1,0.0,0.0,0.0,0.0
94920,1065268.0,1160.017,191,380422.0,224.975,3.0,0.35711389058903487
94922,21549.0,31.79,6,0.0,0.0,0.0,0.0
94923,104195.0,95.43100000000001,16,0.0,0.0,0.0,0.0
94924,619015.0,352.334,33,0.0,0.0,0.0,0.0
94925,1343662.0,1134.28,71,155866.0,55.335,1.0,0.11600089903562057
94926,19214.0,35.116,9,0.0,0.0,0.0,0.0
94928,2318643.0,2765.227,155,272077.0,212.16,2.0,0.11734320462442903
94929,19775.0,20.372999999999998,4,0.0,0.0,0.0,0.0
94930,685210.0,782.2669999999999,71,280246.0,169.74,4.0,0.4089928635017002
94931,869781.34,952.32,62,35601.34,11.969999999999999,5.0,0.0409313678768965
94933,3395.0,13.775,5,0.0,0.0,0.0,0.0
94937,89069.0,124.812,22,0.0,0.0,0.0,0.0
94938,22275.0,25.939999999999998,7,0.0,0.0,0.0,0.0
94939,368140.0,362.281,64,31454.0,11.65,3.0,0.08544032161677623
94940,19886.0,77.168,3,0.0,0.0,0.0,0.0
94941,2138955.32,1916.6180000000002,301,145846.0,141.03,3.0,0.06818562250285808
94942,6879.0,8.27,2,0.0,0.0,0.0,0.0
94945,709391.0,820.7379999999999,133,92080.0,34.6,11.0,0.12980147760543903
94946,245496.0,261.13,26,0.0,0.0,0.0,0.0
94947,736151.75,869.361,150,74956.75,41.53,2.0,0.10182241636999437
94948,156217.0,403.56,1,0.0,0.0,0.0,0.0
94949,1010111.0,668.995,99,893629.0,533.035,10.0,0.8846839604756309
94950,9702.0,7.17,2,0.0,0.0,0.0,0.0
94951,320488.0,458.504,68,0.0,0.0,0.0,0.0
94952,4272336.0,3823.926,317,1028468.0,167.83,4.0,0.2407273210721254
94954,4580977.5,4847.914,174,330931.5,286.75,5.0,0.07224036791274352
94955,88992.0,56.7,1,0.0,0.0,0.0,0.0
94956,286509.0,222.308,37,115157.0,39.14,2.0,0.40193152745638006
94957,614485.25,403.46000000000004,34,0.0,0.0,0.0,0.0
94960,1381080.0,1197.468,133,0.0,0.0,0.0,0.0
94963,326913.0,167.76399999999998,5,0.0,0.0,0.0,0.0
94964,11383.0,5.16,1,0.0,0.0,0.0,0.0
94965,466738.0,431.30400000000003,72,16993.0,4.05,2.0,0.03640800620476584
94970,147605.0,185.347,31,0.0,0.0,0.0,0.0
94971,65419.0,37.32,2,0.0,0.0,0.0,0.0
94972,14564.0,10.5,2,0.0,0.0,0.0,0.0
94973,60089.0,176.46,12,0.0,0.0,0.0,0.0
94978,2164.0,2.45,1,0.0,0.0,0.0,0.0
95001,12768.0,16.45,3,0.0,0.0,0.0,0.0
95002,70788.25,10.91,8,92017.25,24.065,7.0,1.2998944033790918
95003,3965399.77,3771.762,196,68426.0,80.62,1.0,0.01725576334514187
95004,152903.0,223.805,42,0.0,0.0,0.0,0.0
95005,151074.0,211.709,38,0.0,0.0,0.0,0.0
95006,255777.0,341.552,49,0.0,0.0,0.0,0.0
95007,13248.0,8.8,1,0.0,0.0,0.0,0.0
95008,3155330.4699999997,2924.6,300,237337.47,68.925,8.0,0.07521794381176182
95010,1226028.0,1280.104,40,432053.0,442.89,4.0,0.35240059770249943
95012,1363105.55,1401.266,90,1128065.55,215.35,86.0,0.8275702127395784
95014,9757162.25,8389.223,448,41451.25,8.085,4.0,0.0042482895065109735
95015,2406.0,5.06,1,0.0,0.0,0.0,0.0
95017,25862.0,33.03,6,0.0,0.0,0.0,0.0
95018,194554.0,274.134,36,0.0,0.0,0.0,0.0
95019,118003.0,83.02000000000001,3,141880.0,100.7,4.0,1.202342313331017
95020,4907590.37,6584.262,405,582995.37,626.262,21.0,0.11879462751492847
95023,3405049.5,5098.399,244,950860.5,436.698,67.0,0.2792501254387051
95024,34850.0,182.405,2,0.0,0.0,0.0,0.0
95028,6636.0,3.34,1,0.0,0.0,0.0,0.0
95030,1039029.0,1236.9859999999999,158,0.0,0.0,0.0,0.0
95032,1454780.6505,2020.161,282,0.0,0.0,0.0,0.0
95033,880439.0,1163.753,150,0.0,0.0,0.0,0.0
95035,10449192.0,10960.579,204,671651.0,465.405,1.0,0.06427779296236494
95037,16072876.59,14559.545,649,2580491.59,1776.801,34.0,0.16054945582083885
95039,789718.0,1181.04,1,0.0,0.0,0.0,0.0
95041,14615.0,65.578,3,0.0,0.0,0.0,0.0
95043,97597.0,275.26,5,0.0,0.0,0.0,0.0
95045,370639.0,2419.314,24,0.0,0.0,0.0,0.0
95046,400985.0,879.959,86,0.0,0.0,0.0,0.0
95050,1039309.0,490.94,3,67527.0,75.0,1.0,0.06497297723776085
95051,88292.0,159.66,2,0.0,0.0,0.0,0.0
95054,98674.0,119.655,2,0.0,0.0,0.0,0.0
95060,4824718.0,6002.974,454,416051.0,290.193,4.0,0.08623322648080158
95062,4336925.03,4115.408,253,333581.0,363.18,6.0,0.07691647830951784
95063,458.0,2.96,1,0.0,0.0,0.0,0.0
95064,22165.0,30.635,9,0.0,0.0,0.0,0.0
95065,849217.0,974.553,103,0.0,0.0,0.0,0.0
95066,441275.9,758.616,137,13425.9,2.82,1.0,0.030425182975095624
95070,5286618.0,5843.491,570,62811.0,70.4,1.0,0.011881130809905311
95073,2135393.0,1986.695,134,295407.0,301.91999999999996,2.0,0.1383384697805041
95075,21896.0,50.521,8,0.0,0.0,0.0,0.0
95076,6061134.49,7951.604,289,1304052.59,1117.115,26.0,0.21514991824575072
95077,127878.0,119.6,2,0.0,0.0,0.0,0.0
95101,362352.0,531.6129999999999,66,1059794.0,822.02,8.0,2.9247637656201704
95110,1645607.67,2564.6299999999997,33,282665.17,116.715,13.0,0.17176947771518347
95111,6707819.55,5639.37,125,2538808.55,1615.5439999999999,21.0,0.3784849206326667
95112,9796659.82,8559.61,139,1736549.82,1399.751,24.0,0.17725937737011266
95113,348457.0,184.69,1,58260.0,36.66,1.0,0.16719423056503385
95116,3624154.1100000003,2523.113,47,465056.11,364.755,15.0,0.1283212843286071
95117,661964.0,957.311,90,0.0,0.0,0.0,0.0
95118,3886579.36,3542.318,243,52601.36,11.385000000000002,2.0,0.013534101616800642
95119,2061543.0,2264.312,103,0.0,0.0,0.0,0.0
95120,6023531.0,6220.7925,758,0.0,0.0,0.0,0.0
95121,1741963.83,1604.23,125,228840.83000000002,77.11,4.0,0.13136944984672846
95122,3201659.49,2717.319,89,1769902.49,927.9350000000001,64.0,0.5528078471580373
95123,9972305.36,7713.393,461,394642.36,244.063,4.0,0.03957383430946202
95124,1687102.0,2924.259,390,0.0,0.0,0.0,0.0
95125,7644650.5,6018.552,439,437856.0,266.6,4.0,0.05727613054383585
95126,1876568.0,1406.641,73,437424.0,761.48,6.0,0.2330978680229014
95127,2567774.41,2403.411,196,775195.41,595.165,8.0,0.3018938918391978
95128,4518283.26,2266.109,126,37143.759999999995,6.58,2.0,0.00822076834554193
95129,3565363.0,2632.906,191,380527.0,181.815,1.0,0.10672882396547
95130,1302588.0,1256.8310000000001,68,128268.0,46.92,1.0,0.09847165796092087
95131,5642171.0,6255.893,63,880676.0,810.78,4.0,0.15608814408496305
95132,2820911.0,4628.332,227,265793.0,139.15,2.0,0.09422239836705235
95133,2820895.0,1786.61,47,335678.0,307.291,5.0,0.11899698499944167
95134,1517036.0,3066.032,5,0.0,0.0,0.0,0.0
95135,2750640.0,2668.922,200,0.0,0.0,0.0,0.0
95136,4706865.75,3259.129,230,2157243.75,1208.6699999999998,14.0,0.4583185211942788
95138,1970563.0,2234.956,203,550063.0,240.0,1.0,0.2791400224199886
95139,98422.0,224.536,47,0.0,0.0,0.0,0.0
95140,48831.0,64.914,7,0.0,0.0,0.0,0.0
95141,16848.0,9.79,2,0.0,0.0,0.0,0.0
95148,3560993.0,3158.879,187,0.0,0.0,0.0,0.0
95151,5053.0,2.97,1,0.0,0.0,0.0,0.0
95201,51114.0,77.685,9,90781.0,94.08,1.0,1.7760496145870015
95202,2068744.0,1460.55,6,0.0,0.0,0.0,0.0
95203,426714.0,634.497,16,94272.0,34.9,8.0,0.2209254910783335
95204,258094.0,800.902,35,240069.0,87.97,18.0,0.9301611040938573
95205,218516.0,1113.65,12,923085.0,337.825,76.0,4.224335975397683
95206,2196817.0300000003,4673.799,55,3740761.03,1367.65,287.0,1.7028095553319702
95207,4024746.0,4707.884,79,563467.0,312.60499999999996,24.0,0.14000063606498397
95209,1366814.0,1688.669,106,23295.0,8.76,2.0,0.017043284602001444
95210,1232305.0,1330.14,21,1274999.0,468.40500000000003,86.0,1.0346456437326799
95212,1154241.0,2692.2709999999997,102,2464857.0,905.57,197.0,2.1354786392096625
95215,1730956.0,4293.029,77,279630.0,102.91,22.0,0.1615465673304232
95219,1886228.0,1939.3,100,0.0,0.0,0.0,0.0
95220,936410.0,1219.782,94,0.0,0.0,0.0,0.0
95221,226428.0,104.088,3,220914.0,93.6,1.0,0.9756478880703799
95222,1229079.0,860.044,66,531442.0,168.0,2.0,0.43239043218540063
95223,5282.0,12.8,3,0.0,0.0,0.0,0.0
95224,1330.0,8.82,1,0.0,0.0,0.0,0.0
95225,100756.0,124.72200000000001,18,0.0,0.0,0.0,0.0
95226,22227.0,35.255,7,0.0,0.0,0.0,0.0
95227,271954.0,304.733,27,0.0,0.0,0.0,0.0
95228,191677.0,277.205,39,0.0,0.0,0.0,0.0
95229,3873.0,9.09,2,0.0,0.0,0.0,0.0
95230,702889.27,465.71,9,0.0,0.0,0.0,0.0
95231,122793.0,206.61599999999999,7,37548.0,13.7,3.0,0.30578290293420635
95232,16199.0,21.87,4,0.0,0.0,0.0,0.0
95236,235362.0,514.3480000000001,37,0.0,0.0,0.0,0.0
95237,240416.6002,281.919,21,0.0,0.0,0.0,0.0
95240,1112451.0,1214.9560000000001,85,10611.0,3.99,1.0,0.009538397646278353
95242,1528732.0,1226.784,40,0.0,0.0,0.0,0.0
95243,6835.0,4.2,1,0.0,0.0,0.0,0.0
95245,73297.0,95.928,10,0.0,0.0,0.0,0.0
95246,107487.0,115.393,20,0.0,0.0,0.0,0.0
95247,1027238.0,1125.871,55,535217.0,235.68,1.0,0.521025312537114
95248,31381.0,30.738,5,0.0,0.0,0.0,0.0
95249,80768.0,116.66,17,264347.0,274.56,1.0,3.2729174920760697
95251,53602.0,50.8,6,0.0,0.0,0.0,0.0
95252,477474.0,673.442,89,14664.0,5.6,1.0,0.03071161989972229
95254,196230.0,359.015,23,0.0,0.0,0.0,0.0
95255,66719.0,68.93,10,0.0,0.0,0.0,0.0
95258,38103.0,85.318,14,0.0,0.0,0.0,0.0
95296,620.0,3.29,1,0.0,0.0,0.0,0.0
95301,2966254.76,5866.884,201,437795.76,203.945,23.0,0.14759209691078592
95303,127191.0,541.76,12,0.0,0.0,0.0,0.0
95304,1504222.16,2292.069,170,0.0,0.0,0.0,0.0
95306,177730.0,284.21500000000003,18,0.0,0.0,0.0,0.0
95310,74172.0,87.05499999999999,13,0.0,0.0,0.0,0.0
95311,26686.0,34.325,7,0.0,0.0,0.0,0.0
95312,2220.0,12.17,2,0.0,0.0,0.0,0.0
95316,962718.0,1829.11,12,0.0,0.0,0.0,0.0
95317,91394.0,76.46000000000001,7,0.0,0.0,0.0,0.0
95318,706186.0,676.909,2,0.0,0.0,0.0,0.0
95320,609850.0,761.9159999999999,83,14952.0,5.46,1.0,0.02451750430433713
95321,155218.0,148.144,19,0.0,0.0,0.0,0.0
95322,262153.0,291.554,15,682368.0,380.72200000000004,43.0,2.6029379789664815
95325,5387.0,29.675,4,0.0,0.0,0.0,0.0
95327,199319.0,197.54,25,0.0,0.0,0.0,0.0
95329,141887.0,157.67,25,0.0,0.0,0.0,0.0
95330,1127549.0,3204.117,55,1045791.0,384.375,84.0,0.9274905126074343
95332,17040.0,8.0,1,0.0,0.0,0.0,0.0
95333,1508746.0,1831.374,25,136737.0,50.415,10.0,0.09062956919189843
95334,1355337.37,2415.27,23,125947.37,39.089999999999996,9.0,0.09292695146449034
95336,3611682.5,4201.23,144,665280.0,244.24,51.0,0.18420223815354755
95337,5115188.0,5005.446,139,1555439.0,553.06,92.0,0.30408246969612845
95338,197745.0,368.296,60,0.0,0.0,0.0,0.0
95340,2780981.21,3404.465,176,129730.20999999999,45.26,11.0,0.04664907822228687
95341,144293.8,149.107,20,1184174.8,738.605,16.0,8.206692179428362
95343,2895157.0,1122.4,1,0.0,0.0,0.0,0.0
95345,8480.0,5.25,1,0.0,0.0,0.0,0.0
95346,57787.0,83.925,3,0.0,0.0,0.0,0.0
95347,5328.0,5.67,1,0.0,0.0,0.0,0.0
95348,117838.62,292.562,43,89258.62,31.015,6.0,0.7574649126067498
95360,3747598.0,2689.275,32,0.0,0.0,0.0,0.0
95361,8562843.0625,8450.488,303,133703.0,49.28,5.0,0.015614323306418766
95362,27289.0,12.6,1,0.0,0.0,0.0,0.0
95363,391501.0,384.72,2,0.0,0.0,0.0,0.0
95365,231795.0,704.135,10,76180.0,26.415,6.0,0.3286524730904463
95366,838120.0,2572.421,86,0.0,0.0,0.0,0.0
95367,134860.0,183.729,27,42903.0,15.91,4.0,0.3181299125018538
95369,1924691.0,2217.527,17,0.0,0.0,0.0,0.0
95370,1957166.0,2094.247,113,130715.0,46.32,3.0,0.06678789637669978
95372,16218.0,36.156,7,0.0,0.0,0.0,0.0
95374,236311.0,326.195,10,0.0,0.0,0.0,0.0
95376,1240071.0,1300.049,171,808039.0,324.8,17.0,0.6516070450804833
95377,1060792.0,1499.725,176,95013.0,34.775,7.0,0.08956798316729388
95379,122768.0,102.096,19,0.0,0.0,0.0,0.0
95383,41019.0,48.648,7,0.0,0.0,0.0,0.0
95385,12223.0,17.14,2,0.0,0.0,0.0,0.0
95387,187454.0,281.17,7,0.0,0.0,0.0,0.0
95388,404873.72,561.04,53,195468.72,46.370000000000005,10.0,0.4827893497261319
95389,1339.0,2.52,1,0.0,0.0,0.0,0.0
95401,3072460.06,3282.882,285,283575.06,265.94,7.0,0.09229576771129777
95403,7322345.0,9493.15,288,978322.0,604.41,8.0,0.1336077445135404
95404,4728663.0,5593.514,474,9426.0,3.54,1.0,0.0019933752944542673
95405,4242699.0,2126.537,171,0.0,0.0,0.0,0.0
95407,4093909.82,4232.777,109,371089.82,354.624,15.0,0.09064435620616577
95409,3152332.0,3253.912,308,14233.0,5.52,1.0,0.004515070113173359
95410,38039.0,80.461,14,0.0,0.0,0.0,0.0
95412,12168.0,26.43,3,0.0,0.0,0.0,0.0
95415,403663.0,442.904,16,6033.0,2.28,1.0,0.01494563534433426
95417,6778.0,3.85,1,0.0,0.0,0.0,0.0
95418,18728.0,34.615,5,0.0,0.0,0.0,0.0
95419,3771.0,9.16,2,0.0,0.0,0.0,0.0
95420,22328.0,31.34,5,0.0,0.0,0.0,0.0
95421,430144.0,262.839,11,0.0,0.0,0.0,0.0
95422,6107719.26,2050.313,40,582474.26,358.922,16.0,0.09536690132676466
95423,121800.23,85.556,23,68187.23,14.895,3.0,0.5598284174011823
95425,2822642.0,2398.0679999999998,108,84712.0,47.76,3.0,0.030011599062155243
95426,10495.0,33.36,5,23292.0,8.735,3.0,2.219342544068604
95428,112695.66,76.30799999999999,8,505665.66000000003,189.455,38.0,4.487002072661893
95429,4481.0,19.026,2,0.0,0.0,0.0,0.0
95432,2241.0,13.48,2,0.0,0.0,0.0,0.0
95436,548932.0,632.385,57,0.0,0.0,0.0,0.0
95437,2012349.56,1263.268,77,343914.56,164.16,23.0,0.17090199776225756
95439,38428.25,52.43,9,14936.25,2.88,1.0,0.38867890158932555
95441,2421343.0,2836.637,38,0.0,0.0,0.0,0.0
95442,1189928.0,1279.901,108,0.0,0.0,0.0,0.0
95444,152269.0,571.06,6,0.0,0.0,0.0,0.0
95445,105872.0,185.498,31,0.0,0.0,0.0,0.0
95446,145061.0,233.129,26,0.0,0.0,0.0,0.0
95448,2864013.0,3068.1440000000002,173,0.0,0.0,0.0,0.0
95449,485470.88,132.621,21,381521.88,79.845,16.0,0.7858800511371558
95450,58942.0,56.295,10,0.0,0.0,0.0,0.0
95451,560014.44,293.803,66,294783.44,74.185,10.0,0.526385426775781
95452,1016923.21,897.859,47,41597.21,6.9,1.0,0.04090496665918364
95453,10389969.280000001,4973.3504,110,1868780.23,485.875,49.0,0.17986388406338
95454,528531.93,160.846,14,217635.73,37.403999999999996,5.0,0.4117740436230598
95456,18315.0,17.973,3,0.0,0.0,0.0,0.0
95457,1049976.69,701.4350000000001,16,9882.69,1.44,1.0,0.009412294667227327
95458,141072.0,115.09200000000001,11,138379.0,81.485,5.0,0.9809104570715663
95459,35523.61,24.86,7,59206.61,18.97,5.0,1.666683369173347
95460,491288.0,395.16799999999995,26,0.0,0.0,0.0,0.0
95461,7170916.7,3218.661,32,23178.7,3.84,1.0,0.0032323203531286313
95462,20469.0,35.716,8,0.0,0.0,0.0,0.0
95463,8246.0,10.975000000000001,2,0.0,0.0,0.0,0.0
95464,34516.93,20.772,7,76717.93,25.155,6.0,2.2226174228125153
95465,125054.0,180.546,27,0.0,0.0,0.0,0.0
95466,285459.0,249.648,23,0.0,0.0,0.0,0.0
95467,539475.0,656.986,27,0.0,0.0,0.0,0.0
95468,304783.75,47.402,28,299782.75,65.315,20.0,0.9835916448957662
95469,83222.0,114.402,14,11133.0,4.25,1.0,0.13377472302996804
95470,315966.31,200.998,37,148581.31,34.824,8.0,0.47024415356181487
95472,5862307.1899999995,6437.735,623,350477.19,73.05,29.0,0.059784855798387465
95473,29798.0,12.04,1,0.0,0.0,0.0,0.0
95476,9956964.0,8371.233,494,0.0,80.0,1.0,0.0
95480,10224.0,12.0,2,0.0,0.0,0.0,0.0
95482,3361364.82,1353.471,82,617607.82,423.1,43.0,0.18373721778881472
95485,865926.67,206.942,29,724446.67,128.185,23.0,0.8366143405653507
95486,2436.0,4.704,1,0.0,0.0,0.0,0.0
95488,32943.0,18.104,3,0.0,0.0,0.0,0.0
95490,732180.13,741.266,41,144838.13,54.595,16.0,0.19781761900585856
95492,3277373.1799999997,3103.216,247,1266308.18,1064.24,17.0,0.3863790024668476
95493,11018.0,6.84,1,0.0,0.0,0.0,0.0
95494,16648.0,20.052,3,0.0,0.0,0.0,0.0
95497,235221.0,330.455,55,0.0,0.0,0.0,0.0
95501,739444.5800000001,524.298,19,414460.58,214.335,21.0,0.5605025599078702
95503,143604.51,88.872,27,244344.51,156.025,13.0,1.7015100013223818
95511,1460.0,10.87,1,0.0,0.0,0.0,0.0
95518,5230.0,10.08,3,111754.0,149.31,1.0,21.3678776290631
95519,390546.63,101.063,41,418825.63,106.85,26.0,1.0724087671682123
95521,444917.79,508.937,32,206932.79,139.64000000000001,14.0,0.4651034295571773
95524,74733.57,55.948,17,29828.57,4.928,1.0,0.3991321436939249
95525,33642.53,11.58,6,22293.53,4.1579999999999995,2.0,0.6626591400825086
95526,11512.0,9.76,2,0.0,0.0,0.0,0.0
95527,3439.0,3.15,1,0.0,0.0,0.0,0.0
95536,34885.0,35.22,7,0.0,0.0,0.0,0.0
95540,116079.03,109.138,19,581739.03,495.93,10.0,5.011577284889442
95542,17343.0,19.41,4,0.0,0.0,0.0,0.0
95546,14850.0,19.639999999999997,2,0.0,0.0,0.0,0.0
95547,52756.44,13.02,4,45477.44,7.59,1.0,0.8620263232318178
95549,10183.0,17.217,3,0.0,0.0,0.0,0.0
95551,167514.03,1.4,10,590367.03,199.54500000000002,46.0,3.5242840853390014
95553,6126.0,3.78,2,0.0,0.0,0.0,0.0
95556,34717.8,1.4,2,32900.8,5.0,1.0,0.9476637344532199
95558,1398.0,1.52,1,0.0,0.0,0.0,0.0
95560,16859.0,13.41,4,0.0,0.0,0.0,0.0
95562,4500.0,2.912,1,0.0,0.0,0.0,0.0
95563,2601.0,15.64,3,0.0,0.0,0.0,0.0
95565,1244.0,5.4,1,0.0,0.0,0.0,0.0
95570,51245.0,73.08,16,0.0,0.0,0.0,0.0
95573,16901.0,44.604,4,108987.0,99.84,1.0,6.448553340039051
95589,12102.0,27.16,2,0.0,0.0,0.0,0.0
95601,8725.0,5.652,2,0.0,0.0,0.0,0.0
95602,3256156.0,3261.6189999999997,241,248480.0,112.6,2.0,0.07631084014402259
95603,2540110.0,3159.79,289,0.0,0.0,0.0,0.0
95605,1204021.18,1741.518,33,1231378.18,678.191,42.0,1.022721361097651
95606,132477.0,122.691,8,0.0,0.0,0.0,0.0
95607,69074.0,76.35600000000001,13,14151.0,5.185,1.0,0.20486724382546254
95608,1900.0,6.44,1,0.0,0.0,0.0,0.0
95610,475938.0,290.7,1,0.0,0.0,0.0,0.0
95612,178403.0,441.27900000000005,10,0.0,0.0,0.0,0.0
95613,7238.0,9.76,2,0.0,0.0,0.0,0.0
95614,183362.0,258.395,40,0.0,0.0,0.0,0.0
95616,7658219.82,6880.211,391,655379.71,1531.6950000000002,9.0,0.08557859729860823
95618,2434217.42,2173.436,293,1616821.42,954.125,6.0,0.6642058374555548
95619,22565.0,45.519,10,188882.0,146.0,1.0,8.370573897629072
95620,2268637.0,3517.628,145,920624.0,410.62,2.0,0.4058048951859641
95623,168488.0,242.931,42,0.0,0.0,0.0,0.0
95626,28936.0,57.152,9,0.0,0.0,0.0,0.0
95627,173736.0,265.809,31,0.0,0.0,0.0,0.0
95629,83238.0,154.718,16,0.0,0.0,0.0,0.0
95631,295029.0,312.222,25,0.0,0.0,0.0,0.0
95632,24306.0,48.57,5,0.0,0.0,0.0,0.0
95633,105181.0,89.115,16,0.0,0.0,0.0,0.0
95634,85482.0,148.26999999999998,16,0.0,0.0,0.0,0.0
95635,22518.0,44.89,7,0.0,0.0,0.0,0.0
95636,1992.0,10.35,2,0.0,0.0,0.0,0.0
95637,35971.0,83.42,6,0.0,0.0,0.0,0.0
95640,548539.0,2749.215,48,0.0,0.0,0.0,0.0
95641,29813.0,45.67,6,134350.0,148.4,1.0,4.506423372354342
95642,542970.0,658.114,27,0.0,0.0,0.0,0.0
95645,2052919.0,1811.25,4,0.0,0.0,0.0,0.0
95648,3122692.25,4655.462,789,153340.0,69.355,12.0,0.04910506310700326
95650,3058450.0,3711.2439999999997,273,136618.0,149.65,1.0,0.04466903169906325
95651,34361.0,31.95,6,0.0,0.0,0.0,0.0
95653,74721.0,77.527,9,0.0,0.0,0.0,0.0
95654,101348.0,55.2,2,0.0,0.0,0.0,0.0
95656,28891.0,29.464,6,0.0,0.0,0.0,0.0
95658,1059384.0,1257.41,133,0.0,0.0,0.0,0.0
95659,30511.0,56.245000000000005,8,0.0,0.0,0.0,0.0
95661,53266.0,81.04,6,0.0,0.0,0.0,0.0
95662,12947.0,8.52,1,0.0,0.0,0.0,0.0
95663,422092.0,614.688,85,0.0,0.0,0.0,0.0
95664,138550.0,203.572,28,0.0,0.0,0.0,0.0
95665,118981.0,196.201,25,0.0,0.0,0.0,0.0
95666,66482.0,112.288,15,0.0,0.0,0.0,0.0
95667,2323520.0,2311.814,266,712889.0,500.0,4.0,0.30681423013359044
95668,1535914.0,1972.1,26,28806.0,10.83,2.0,0.018754956332190473
95669,376614.0,379.248,46,0.0,0.0,0.0,0.0
95672,417583.0,587.332,88,0.0,0.0,0.0,0.0
95674,134478.0,336.22700000000003,19,0.0,0.0,0.0,0.0
95675,33379.0,30.127000000000002,5,0.0,0.0,0.0,0.0
95676,49535.0,289.68,2,0.0,0.0,0.0,0.0
95677,2585181.0525,3633.375,305,545623.32,253.665,10.0,0.2110580686301854
95678,23623.0,11.856,1,0.0,0.0,0.0,0.0
95679,8624.0,5.01,1,0.0,0.0,0.0,0.0
95680,2040208.0,833.325,1,0.0,0.0,0.0,0.0
95681,15664.0,27.41,5,0.0,0.0,0.0,0.0
95682,2796748.0,3371.525,397,208164.0,146.0,1.0,0.07443073169266591
95684,159558.0,221.706,25,0.0,0.0,0.0,0.0
95685,561694.0,535.098,42,0.0,0.0,0.0,0.0
95686,1099613.0,595.62,1,14385.0,5.265,1.0,0.01308187516880939
95687,7154364.87,6033.491,267,1881756.87,831.54,9.0,0.2630222115020533
95688,5528867.23,3933.529,308,119830.23000000001,22.04,4.0,0.021673558979639306
95689,28835.0,45.164,8,0.0,0.0,0.0,0.0
95690,84094.0,77.365,9,0.0,0.0,0.0,0.0
95691,5831998.91,5344.54,189,1225018.91,765.136,21.0,0.21005129268791306
95692,253158.79,380.132,54,34772.79,9.379999999999999,2.0,0.13735564939301534
95694,1217759.46,1112.195,89,395306.46,397.51,4.0,0.32461785187035214
95695,7296928.0,6606.723,244,1043981.0,802.08,6.0,0.14307130343070398
95696,172206.0,165.45,2,0.0,0.0,0.0,0.0
95697,6403.0,24.4,4,0.0,0.0,0.0,0.0
95698,26387.0,34.278,6,0.0,0.0,0.0,0.0
95699,6336.0,9.9,2,0.0,0.0,0.0,0.0
95701,1205.0,5.16,1,0.0,0.0,0.0,0.0
95703,49559.0,90.51,16,0.0,0.0,0.0,0.0
95709,205084.0,198.121,26,0.0,0.0,0.0,0.0
95713,336422.0,636.954,67,9093.0,3.445,1.0,0.02702855342397346
95714,3829.0,7.97,2,0.0,0.0,0.0,0.0
95717,7496.0,5.74,1,0.0,0.0,0.0,0.0
95722,247980.68,334.877,51,0.0,0.0,0.0,0.0
95726,26575.0,35.05,9,92883.0,97.65,1.0,3.4951269990592664
95746,4068394.0,4275.097,381,430605.0,486.3,2.0,0.1058415187909529
95747,948395.0,1463.5900000000001,42,0.0,0.0,0.0,0.0
95762,3444516.0,6557.803,778,217947.0,241.1,2.0,0.06327362102542128
95765,6304931.55,7089.462,544,0.0,0.0,0.0,0.0
95776,8778908.219999999,5508.339,117,344391.22000000003,238.13899999999998,12.0,0.03922939064511601
95833,12137.0,5.7,1,0.0,0.0,0.0,0.0
95837,2573.0,3.225,1,0.0,0.0,0.0,0.0
95901,5370836.91,6829.0560000000005,133,279914.91,115.77,25.0,0.052117559086336133
95912,6489685.0,5691.335,34,0.0,0.0,0.0,0.0
95913,103524.0,541.44,2,0.0,0.0,0.0,0.0
95914,65743.0,83.15899999999999,13,0.0,0.0,0.0,0.0
95915,11155.0,23.82,5,213780.0,224.7,1.0,19.164500224114747
95916,10674.0,19.259999999999998,5,0.0,0.0,0.0,0.0
95917,1811577.0,1460.355,17,0.0,0.0,0.0,0.0
95918,243442.32,271.911,41,26573.32,7.460000000000001,2.0,0.10915653449244157
95919,14081.0,15.024999999999999,3,14802.0,5.5,1.0,1.0512037497336837
95920,108424.0,535.86,10,0.0,0.0,0.0,0.0
95922,3385.0,6.72,1,0.0,0.0,0.0,0.0
95926,3286731.2,5132.978,225,388046.2,216.285,15.0,0.11806447694901244
95927,4218603.56,1338.08,4,11651.56,2.695,1.0,0.002761947131149721
95928,8649526.2,7957.904,296,835896.2,418.455,53.0,0.0966406922959549
95929,758397.0,523.0,2,0.0,0.0,0.0,0.0
95932,574609.0,1131.306,44,91898.0,34.075,1.0,0.159931362021827
95934,13211.0,8.1,2,0.0,0.0,0.0,0.0
95935,10145.0,9.49,2,0.0,0.0,0.0,0.0
95936,4145.0,4.51,1,0.0,0.0,0.0,0.0
95937,1196655.0,1073.7,12,596998.0,501.05999999999995,2.0,0.4988889863828756
95938,393473.0,801.733,56,0.0,0.0,0.0,0.0
95939,5570.0,22.0,2,0.0,0.0,0.0,0.0
95942,56452.0,90.81,15,0.0,0.0,0.0,0.0
95943,656602.0,949.742,47,0.0,0.0,0.0,0.0
95945,1841573.19,3039.73,188,99779.19,24.36,6.0,0.05418149576775713
95946,529151.0,919.808,144,0.0,0.0,0.0,0.0
95947,24212.0,28.675,5,0.0,0.0,0.0,0.0
95948,137077.0,581.141,28,27444.0,10.215,2.0,0.20020864185822568
95949,910860.0,1281.802,209,0.0,0.0,0.0,0.0
95950,9190.0,8.0,1,0.0,0.0,0.0,0.0
95951,493463.73,63.940000000000005,37,455403.73,104.355,29.0,0.9228717377060316
95953,807018.1699999999,1227.7540000000001,38,271457.17,318.725,11.0,0.3363705801072608
95954,135303.0,214.42,5,0.0,0.0,0.0,0.0
95955,3410850.0,2606.649,15,0.0,0.0,0.0,0.0
95956,1329.0,2.7,1,0.0,0.0,0.0,0.0
95957,12226.0,39.13,5,0.0,0.0,0.0,0.0
95958,1834060.0,1094.64,6,0.0,0.0,0.0,0.0
95959,825673.56,1212.896,187,17751.56,3.585,2.0,0.02149948945924828
95960,11294.0,12.36,3,0.0,0.0,0.0,0.0
95961,1551101.01,3394.157,96,1005285.01,362.019,26.0,0.6481106024165376
95962,45899.0,98.67699999999999,18,0.0,0.0,0.0,0.0
95963,2040778.44,2978.944,137,1085742.44,315.255,77.0,0.532023672300262
95964,21591.98,0.0,1,21591.98,5.39,1.0,1.0
95965,9183240.2,5996.393,139,935957.2,759.066,59.0,0.10192014796694526
95966,1007141.64,1089.093,139,981257.64,489.38,48.0,0.9742995434088099
95967,11629.0,30.305,6,0.0,0.0,0.0,0.0
95968,7152.0,27.72,4,9855.0,3.705,1.0,1.3779362416107384
95969,714253.78,806.524,69,11805.78,2.5,1.0,0.01652883097097505
95970,288481.0,1324.871,7,0.0,0.0,0.0,0.0
95971,81452.0,132.785,19,0.0,0.0,0.0,0.0
95973,2336894.63,3351.069,379,922279.63,507.12,17.0,0.39466034033378733
95974,550843.0,733.468,14,0.0,0.0,0.0,0.0
95975,88524.0,152.085,27,0.0,0.0,0.0,0.0
95977,61998.0,127.392,21,0.0,0.0,0.0,0.0
95982,105069.0,211.701,23,20940.0,7.84,2.0,0.19929760443137368
95983,5029.0,16.240000000000002,4,0.0,0.0,0.0,0.0
95984,3305.0,8.879999999999999,2,0.0,0.0,0.0,0.0
95987,2487066.0,4041.4559999999997,31,238815.0,184.08,1.0,0.0960227834725737
95988,1272637.8900000001,2362.12,91,179017.89,41.16,12.0,0.14066679249978956
95991,4938984.11,6193.621,134,1879032.11,1193.95,25.0,0.3804491102118569
95993,2212387.0148,2381.184,229,238128.93,63.305,16.0,0.10763439145457418
96001,859336.69,882.256,82,0.0,0.0,0.0,0.0
96002,206650.0,318.645,34,14318.0,3.22,1.0,0.06928623276070651
96003,1602418.4,1104.076,129,1146466.4,223.615,55.0,0.7154600820859272
96007,296334.23,420.217,73,363910.23,284.31,10.0,1.2280398049189256
96008,21754.0,52.727000000000004,10,0.0,0.0,0.0,0.0
96009,1310.0,7.92,1,0.0,0.0,0.0,0.0
96013,256820.0,530.78,18,147969.0,31.905,11.0,0.576158398878592
96016,1745.0,6.9,1,0.0,0.0,0.0,0.0
96019,31127.74,11.104,4,26179.74,5.43,2.0,0.8410421058515652
96021,1431147.0899999999,2184.2599999999998,74,544762.09,210.895,22.0,0.3806471702360098
96022,353999.87,477.525,70,237044.87,85.095,16.0,0.6696185227412654
96028,43706.0,135.117,10,0.0,0.0,0.0,0.0
96029,1286.0,2.45,1,0.0,0.0,0.0,0.0
96035,131678.0,658.648,23,9615.0,3.75,1.0,0.0730190312732575
96040,50008.0,55.709999999999994,4,0.0,0.0,0.0,0.0
96047,40666.0,46.47,5,0.0,0.0,0.0,0.0
96049,2971054.0,1174.08,1,0.0,0.0,0.0,0.0
96051,36909.0,29.39,6,0.0,0.0,0.0,0.0
96055,397723.0,1661.8290000000002,19,0.0,0.0,0.0,0.0
96056,294124.0,501.125,14,0.0,0.0,0.0,0.0
96059,10267.0,32.18,5,0.0,0.0,0.0,0.0
96062,93221.0,165.207,23,0.0,0.0,0.0,0.0
96063,64411.0,35.145,2,0.0,0.0,0.0,0.0
96065,16190.0,10.08,2,0.0,0.0,0.0,0.0
96069,25461.0,56.561,9,0.0,0.0,0.0,0.0
96073,420434.0,740.013,71,0.0,0.0,0.0,0.0
96074,1785.0,2.0,1,0.0,0.0,0.0,0.0
96076,3048.0,2.04,1,0.0,0.0,0.0,0.0
96078,4952.0,2.73,1,0.0,0.0,0.0,0.0
96080,4796651.98,4027.279,197,3624045.98,1539.23,122.0,0.7555365690716631
96084,35498.0,29.808,1,0.0,0.0,0.0,0.0
96087,13544.0,28.724,6,0.0,0.0,0.0,0.0
96088,116480.0,279.309,30,0.0,0.0,0.0,0.0
96092,34859.0,38.05,4,0.0,0.0,0.0,0.0
96096,33378.0,52.34,9,0.0,0.0,0.0,0.0
96137,15359.0,24.24,4,0.0,0.0,0.0,0.0
